"date","cases","deaths","btc_transactions","eth_transactions"
"1",2020-01-27,2927,82,279240,476541
"2",2020-01-28,2651,49,340052,526284
"3",2020-01-29,589,2,340562,551529
"4",2020-01-30,2068,38,332558,566052
"5",2020-01-31,1692,42,334434,583358
"6",2020-02-01,2111,46,303724,545761
"7",2020-02-02,4749,103,290879,530094
"8",2020-02-03,3100,64,331012,621191
"9",2020-02-04,4011,66,309190,524476
"10",2020-02-05,3745,72,368604,610780
"11",2020-02-06,3162,70,315370,606505
"12",2020-02-07,3594,85,334938,626252
"13",2020-02-08,2731,87,318363,661649
"14",2020-02-09,3031,100,317070,628631
"15",2020-02-10,2608,107,298104,668760
"16",2020-02-11,2042,100,365583,709280
"17",2020-02-12,418,5,344615,798162
"18",2020-02-13,15152,253,340081,764763
"19",2020-02-14,6528,152,326078,771827
"20",2020-02-15,2143,143,322721,699151
"21",2020-02-16,2183,104,292236,661490
"22",2020-02-17,2035,98,341491,695366
"23",2020-02-18,1882,140,331050,733983
"24",2020-02-19,500,115,334805,695837
"25",2020-02-20,560,125,316626,689600
"26",2020-02-21,629,4,338484,670542
"27",2020-02-22,1761,207,304597,605859
"28",2020-02-23,380,11,285579,606290
"29",2020-02-24,568,160,328890,687702
"30",2020-02-25,854,80,334593,670257
"31",2020-02-26,977,61,329967,704929
"32",2020-02-27,1359,43,338781,714482
"33",2020-02-28,1388,59,368590,688694
"34",2020-02-29,1894,70,307527,620465
"35",2020-03-01,2378,54,309849,628500
"36",2020-03-02,1979,89,342821,681477
"37",2020-03-03,2601,74,342324,661419
"38",2020-03-04,2302,95,358745,663966
"39",2020-03-05,2818,93,349529,720114
"40",2020-03-06,3916,113,338383,676799
"41",2020-03-07,4097,104,313312,630992
"42",2020-03-08,3938,240,302694,662565
"43",2020-03-09,4181,190,348211,784085
"44",2020-03-10,4823,276,329698,760588
"45",2020-03-11,7659,345,287492,713065
"46",2020-03-12,5799,309,349978,760781
"47",2020-03-13,14351,492,276798,847947
"48",2020-03-14,11098,421,279828,681830
"49",2020-03-15,11279,650,223230,657653
"50",2020-03-16,14793,687,270399,784094
"51",2020-03-17,16005,816,278326,763100
"52",2020-03-18,19547,918,231254,768437
"53",2020-03-19,27098,1116,265689,864017
"54",2020-03-20,30881,1495,284594,822158
"55",2020-03-21,32115,1723,245896,857503
"56",2020-03-22,35141,1684,209154,746195
"57",2020-03-23,42667,1958,259816,801238
"58",2020-03-24,41086,2310,278131,791900
"59",2020-03-25,51089,2824,218176,765389
"60",2020-03-26,62862,3040,292828,772649
"61",2020-03-27,64910,3485,276546,748776
"62",2020-03-28,69665,3836,240627,667726
"63",2020-03-29,56900,3477,232820,607984
"64",2020-03-30,65279,4081,276828,724004
"65",2020-03-31,76819,4732,290227,731749
"66",2020-04-01,82914,6014,281855,683007
"67",2020-04-02,82911,5892,299176,720554
"68",2020-04-03,84315,6178,278763,722688
"69",2020-04-04,58933,5980,253274,625952
"70",2020-04-05,71106,5243,240259,614001
"71",2020-04-06,73874,5935,280470,771300
"72",2020-04-07,69401,8311,312770,783472
"73",2020-04-08,83325,6829,286563,830223
"74",2020-04-09,87356,7868,286706,727502
"75",2020-04-10,85390,7417,288585,745643
"76",2020-04-11,74477,6286,247852,680523
"77",2020-04-12,119535,5940,228529,678530
"78",2020-04-13,70986,6019,288113,744306
"79",2020-04-14,83848,7105,299391,813972
"80",2020-04-15,78160,8544,310253,792152
"81",2020-04-16,95386,7419,322903,790334
"82",2020-04-17,88195,8501,284222,785639
"83",2020-04-18,77249,6202,289134,783111
"84",2020-04-19,76826,5351,251984,741675
"85",2020-04-20,75439,6048,310810,828885
"86",2020-04-21,75956,7402,310851,812963
"87",2020-04-22,81839,7027,278755,790519
"88",2020-04-23,83514,6998,329045,826397
"89",2020-04-24,83928,6914,320055,846807
"90",2020-04-25,82967,5884,280805,792299
"91",2020-04-26,71441,4253,252833,801949
"92",2020-04-27,70204,4930,311217,841193
"93",2020-04-28,75806,6835,323475,838453
"94",2020-04-29,76987,6947,331401,897881
"95",2020-04-30,83370,6054,321972,899459
"96",2020-05-01,88597,5471,340574,827138
"97",2020-05-02,79660,5844,286773,765990
"98",2020-05-03,74902,3847,281752,789689
"99",2020-05-04,77188,4552,326098,774035
"100",2020-05-05,80103,6127,329075,785518
"101",2020-05-06,90402,6885,333395,833506
"102",2020-05-07,88890,5697,341986,877129
"103",2020-05-08,90581,5928,323625,887756
"104",2020-05-09,84155,4586,312399,894382
"105",2020-05-10,75696,4041,286789,879153
"106",2020-05-11,76353,3916,305839,887554
"107",2020-05-12,84439,5880,345215,880678
"108",2020-05-13,84954,5486,296796,856962
"109",2020-05-14,95878,5582,268750,820300
"110",2020-05-15,96151,5636,310642,888691
"111",2020-05-16,94278,4550,296555,875030
"112",2020-05-17,78427,3574,236808,808464
"113",2020-05-18,88714,4149,273723,857645
"114",2020-05-19,96796,5127,274897,848038
"115",2020-05-20,102121,5193,280037,855377
"116",2020-05-21,106679,5085,298483,867704
"117",2020-05-22,106338,5657,278784,916282
"118",2020-05-23,104449,4296,269230,868425
"119",2020-05-24,94822,3484,214530,825755
"120",2020-05-25,86588,1614,265875,875607
"121",2020-05-26,92807,4641,295782,916975
"122",2020-05-27,103535,5418,292927,896217
"123",2020-05-28,118517,5011,299910,907265
"124",2020-05-29,121116,5147,280960,949269
"125",2020-05-30,136861,4378,286046,881950
"126",2020-05-31,106731,3155,258427,850103
"127",2020-06-01,95705,3515,308312,929874
"128",2020-06-02,121708,5202,304114,980902
"129",2020-06-03,114183,5844,314000,898364
"130",2020-06-04,130842,5434,318285,930407
"131",2020-06-05,131070,5053,327082,901995
"132",2020-06-06,133888,4214,284873,946196
"133",2020-06-07,112806,3183,252368,943786
"134",2020-06-08,101222,4167,317275,966206
"135",2020-06-09,124552,5200,327074,923075
"136",2020-06-10,135320,5481,325163,939890
"137",2020-06-11,137286,5055,332490,925331
"138",2020-06-12,129214,4807,318274,889318
"139",2020-06-13,135008,4442,280181,833267
"140",2020-06-14,132736,3646,275723,785017
"141",2020-06-15,118348,3838,294468,912281
"142",2020-06-16,141645,7096,340517,904928
"143",2020-06-17,144757,5574,333547,879736
"144",2020-06-18,140681,5321,280603,913845
"145",2020-06-19,180188,6382,347436,945942
"146",2020-06-20,157653,4508,284123,941415
"147",2020-06-21,128856,4619,259440,987058
"148",2020-06-22,138201,3718,301396,1092083
"149",2020-06-23,167033,5558,355256,1119442
"150",2020-06-24,172910,5559,312321,1070862
"151",2020-06-25,178438,5053,312183,1041742
"152",2020-06-26,191732,5076,330381,1017505
"153",2020-06-27,178757,4772,275489,1017138
"154",2020-06-28,165026,3531,264909,997731
"155",2020-06-29,153531,3998,315424,1056189
"156",2020-06-30,176339,5202,299733,1111318
"157",2020-07-01,217285,5324,382570,1044438
"158",2020-07-02,209724,5469,339469,1039119
"159",2020-07-03,202766,5315,331009,1022098
"160",2020-07-04,196989,4798,288647,946287
"161",2020-07-05,183696,3842,274104,880075
"162",2020-07-06,163584,4149,338767,1020012
"163",2020-07-07,209727,6332,345975,1064506
"164",2020-07-08,213802,5683,347455,1092210
"165",2020-07-09,224924,5799,362718,1070343
"166",2020-07-10,232693,5666,345996,1034806
"167",2020-07-11,217784,5242,306771,982930
"168",2020-07-12,194512,4302,282364,997960
"169",2020-07-13,189975,4281,310227,1151834
"170",2020-07-14,220793,5993,359847,1098661
"171",2020-07-15,230961,5859,316064,1111360
"172",2020-07-16,251857,6187,345849,1068620
"173",2020-07-17,242784,7038,293907,1078101
"174",2020-07-18,237281,6577,311022,1071509
"175",2020-07-19,214416,4901,277093,1082448
"176",2020-07-20,205360,3786,309747,1143700
"177",2020-07-21,234591,6409,312871,1120095
"178",2020-07-22,279833,7357,364792,1138040
"179",2020-07-23,282706,6640,336245,1147143
"180",2020-07-24,281901,6448,369432,1146282
"181",2020-07-25,256114,6186,293883,1175506
"182",2020-07-26,214370,4330,298580,1137893
"183",2020-07-27,225817,5206,326769,1261456
"184",2020-07-28,249988,6615,354742,1222353
"185",2020-07-29,288242,7045,346521,1163851
"186",2020-07-30,280268,6679,327789,1164479
"187",2020-07-31,290785,6530,356906,1218838
"188",2020-08-01,251389,6153,296705,1171566
"189",2020-08-02,231389,4675,287869,1125886
"190",2020-08-03,206231,4754,333753,1176793
"191",2020-08-04,254124,6972,329032,1164208
"192",2020-08-05,278019,7457,291814,1182699
"193",2020-08-06,283004,6831,356612,1215885
"194",2020-08-07,283993,6736,326499,1249695
"195",2020-08-08,259652,6090,283631,1182406
"196",2020-08-09,227036,5174,268402,1229151
"197",2020-08-10,223488,5279,308367,1289980
"198",2020-08-11,262269,6695,349952,1254244
"199",2020-08-12,273409,6955,346405,1229214
"200",2020-08-13,289415,6813,325346,1209139
"201",2020-08-14,303401,6633,365679,1201546
"202",2020-08-15,250499,6004,313760,1107833
"203",2020-08-16,215381,4818,285069,1152369
"204",2020-08-17,206595,4503,292944,1181976
"205",2020-08-18,256142,7052,346036,1229256
"206",2020-08-19,276428,7056,333879,1216891
"207",2020-08-20,273202,6415,333683,1182994
"208",2020-08-21,261182,5746,314297,1256752
"209",2020-08-22,265577,5876,311699,1102479
"210",2020-08-23,206565,4348,288728,1122524
"211",2020-08-24,223556,4679,329133,1162182
"212",2020-08-25,244619,6643,304409,1138199
"213",2020-08-26,282306,6571,324184,1166218
"214",2020-08-27,284839,6222,328157,1136576
"215",2020-08-28,283360,5838,352722,1131912
"216",2020-08-29,265314,5683,292783,1130992
"217",2020-08-30,221546,4428,269114,1142415
"218",2020-08-31,260087,4333,302920,1235856
"219",2020-09-01,266043,6662,376508,1245701
"220",2020-09-02,283129,6268,317449,1181212
"221",2020-09-03,281600,6071,310922,1149636
"222",2020-09-04,314325,5908,298286,1141207
"223",2020-09-05,270440,5215,325523,1040906
"224",2020-09-06,230359,4114,262820,1026667
"225",2020-09-07,218183,9598,327662,1051480
"226",2020-09-08,240524,5116,332668,1026700
"227",2020-09-09,285308,6177,314864,1052603
"228",2020-09-10,299829,6023,345981,1120964
"229",2020-09-11,321727,6028,308323,1074413
"230",2020-09-12,287253,5098,300152,1034584
"231",2020-09-13,242937,3962,255110,1042047
"232",2020-09-14,262521,4516,354020,1079688
"233",2020-09-15,285399,6612,332957,1089837
"234",2020-09-16,304478,5901,342609,1035013
"235",2020-09-17,314846,5606,348581,1406016
"236",2020-09-18,326042,5888,325157,1244808
"237",2020-09-19,292761,5372,296357,1090001
"238",2020-09-20,252665,3979,259095,1095309
"239",2020-09-21,274606,4323,297605,1133662
"240",2020-09-22,284852,6209,312989,1081497
"241",2020-09-23,276002,5617,349938,1084100
"242",2020-09-24,353630,6586,316552,1087537
"243",2020-09-25,331256,5920,353070,1034790
"244",2020-09-26,288922,5580,276162,984559
"245",2020-09-27,251995,3842,259382,966479
"246",2020-09-28,254152,4006,295476,1080187
"247",2020-09-29,282869,6103,347696,1088234
"248",2020-09-30,326051,6505,351417,1079040
"249",2020-10-01,318726,8855,304757,1018741
"250",2020-10-02,298167,5028,315443,1002138
"251",2020-10-03,334230,5454,310855,956528
"252",2020-10-04,260298,4026,268019,985452
"253",2020-10-05,299442,7001,294986,1027690
"254",2020-10-06,326104,5862,317922,1083502
"255",2020-10-07,351246,5904,370554,1035384
"256",2020-10-08,361641,6356,330227,1019446
"257",2020-10-09,361257,6212,339343,1049571
"258",2020-10-10,357728,4921,298486,1036351
"259",2020-10-11,288018,4132,256096,1004701
"260",2020-10-12,291593,4070,314174,1092162
"261",2020-10-13,318251,5353,333215,1127396
"262",2020-10-14,381779,6203,314541,1093927
"263",2020-10-15,407380,6088,340993,1249576
"264",2020-10-16,411814,6325,324647,1161135
"265",2020-10-17,374738,5737,275069,1051772
"266",2020-10-18,316755,3630,231557,995711
"267",2020-10-19,386225,4909,303929,1128930
"268",2020-10-20,388960,6650,330563,1105678
"269",2020-10-21,444755,6857,311292,1159354
"270",2020-10-22,472442,5915,339087,1189043
"271",2020-10-23,497669,7065,323869,1132837
"272",2020-10-24,457769,5903,306774,1012156
"273",2020-10-25,361273,4259,242273,965206
"274",2020-10-26,485105,5589,252494,1086139
"275",2020-10-27,470715,7482,251938,1078466
"276",2020-10-28,512118,7211,261340,1139608
"277",2020-10-29,550693,7165,276070,1107849
"278",2020-10-30,572137,7628,268364,1111013
"279",2020-10-31,478276,6710,275796,1089587
"280",2020-11-01,464191,5121,276280,1050753
"281",2020-11-02,561292,6185,224609,1156870
"282",2020-11-03,555976,9438,331673,1119359
"283",2020-11-04,511384,10151,320697,1137324
"284",2020-11-05,597326,8105,318668,1128431
"285",2020-11-06,644955,9739,340351,1171971
"286",2020-11-07,601876,7709,270901,1131722
"287",2020-11-08,484722,6033,243047,1016465
"288",2020-11-09,499101,7219,326383,1147695
"289",2020-11-10,560328,10037,303270,1157455
"290",2020-11-11,651681,10515,322277,1096582
"291",2020-11-12,646446,9768,324855,1099253
"292",2020-11-13,653081,9639,300040,1156377
"293",2020-11-14,599559,9239,273511,1067063
"294",2020-11-15,475507,6596,252715,1037428
"295",2020-11-16,530541,7894,311477,1105512
"296",2020-11-17,611748,11089,347772,1173012
"297",2020-11-18,627445,11448,362007,1120798
"298",2020-11-19,654464,11114,311061,1122748
"299",2020-11-20,672746,11799,348026,1162871
"300",2020-11-21,590959,9040,311189,1172183
"301",2020-11-22,488192,7437,271125,1148006
"302",2020-11-23,522544,8477,297840,1213632
"303",2020-11-24,593143,12728,333293,1240072
"304",2020-11-25,639020,12145,361990,1205924
"305",2020-11-26,589217,10993,323975,1173330
"306",2020-11-27,682822,11408,322445,1102889
"307",2020-11-28,590052,9290,293949,992335
"308",2020-11-29,489619,7332,263573,993930
"309",2020-11-30,503863,8866,256551,1183915
"310",2020-12-01,619958,12735,378068,1172361
"311",2020-12-02,654981,12682,327019,1071389
"312",2020-12-03,696614,12573,346921,1114178
"313",2020-12-04,687815,12459,318894,1134337
"314",2020-12-05,649309,10344,282599,1055722
"315",2020-12-06,537324,7682,258624,1034515
"316",2020-12-07,515424,8662,300906,1102501
"317",2020-12-08,652345,12326,330970,1149816
"318",2020-12-09,672001,12660,321079,1150822
"319",2020-12-10,1503571,12664,313649,1092429
"320",2020-12-11,708579,13075,304735,1122160
"321",2020-12-12,641789,10730,295410,1092064
"322",2020-12-13,530149,7772,276160,1142703
"323",2020-12-14,531761,9083,314350,1241593
"324",2020-12-15,652514,13768,320440,1215285
"325",2020-12-16,731962,13860,315217,1261767
"326",2020-12-17,741520,13392,309481,1342281
"327",2020-12-18,721603,12909,375549,1193950
"328",2020-12-19,625006,10996,343536,1162872
"329",2020-12-20,532152,8072,282043,1074305
"330",2020-12-21,540314,9515,269834,1146949
"331",2020-12-22,661645,14178,324163,1147101
"332",2020-12-23,696275,13814,338463,1254308
"333",2020-12-24,682170,11829,269559,1142743
"334",2020-12-25,480399,8708,303901,1140417
"335",2020-12-26,507699,7552,273954,1139562
"336",2020-12-27,433133,7721,309005,1177372
"337",2020-12-28,488146,9570,308983,1256783
"338",2020-12-29,672417,15144,336311,1206703
"339",2020-12-30,740701,15606,338258,1227653
"340",2020-12-31,777486,13307,344918,1163876
"341",2021-01-01,566617,9664,258080,1136712
"342",2021-01-02,605642,8483,297111,1170839
"343",2021-01-03,522961,7601,359116,1234419
"344",2021-01-04,550316,10003,373734,1275169
"345",2021-01-05,743814,15406,354091,1258441
"346",2021-01-06,791354,15105,397384,1280434
"347",2021-01-07,892740,15154,401744,1298568
"348",2021-01-08,816986,15271,358526,1288953
"349",2021-01-09,762852,12978,321389,1231759
"350",2021-01-10,590667,8767,331865,1210603
"351",2021-01-11,616586,10043,333958,1280285
"352",2021-01-12,701068,17131,336627,1165508
"353",2021-01-13,751175,16891,319167,1126532
"354",2021-01-14,760117,15473,338809,1184604
"355",2021-01-15,773497,15063,344002,1227187
"356",2021-01-16,647963,13758,308461,1193339
"357",2021-01-17,529020,9100,271874,1133096
"358",2021-01-18,514042,9717,313816,1217953
"359",2021-01-19,599665,16643,325083,1252236
"360",2021-01-20,697734,18007,314809,1213930
"361",2021-01-21,657491,17108,290754,1178190
"362",2021-01-22,660674,16147,323868,1182794
"363",2021-01-23,575073,13976,308276,1140666
"364",2021-01-24,458742,9202,253971,1117744
"365",2021-01-25,491214,10982,309102,1207263
"366",2021-01-26,556402,17501,336935,1194595
"367",2021-01-27,602232,17328,323553,1140980
"368",2021-01-28,614502,16996,325146,1190834
"369",2021-01-29,591824,15463,341036,1293963
"370",2021-01-30,521339,13640,312313,1218241
"371",2021-01-31,389671,8766,290753,1244924
"372",2021-02-01,443924,10352,277579,1300451
"373",2021-02-02,460115,15386,367835,1302891
"374",2021-02-03,527215,16109,344425,1314906
"375",2021-02-04,469421,12990,367788,1309863
"376",2021-02-05,535756,17180,360541,1316904
"377",2021-02-06,381773,10492,333886,1227828
"378",2021-02-07,405792,8309,286364,1230638
"379",2021-02-08,313765,8697,335223,1275739
"380",2021-02-09,430820,16124,360137,1327544
"381",2021-02-10,439344,14020,340758,1320357
"382",2021-02-11,444933,13684,304739,1270521
"383",2021-02-12,431549,13108,343306,1290300
"384",2021-02-13,378216,10442,336624,1252364
"385",2021-02-14,300059,6695,295428,1206665
"386",2021-02-15,286411,7400,311322,1210500
"387",2021-02-16,350329,11457,296388,1217916
"388",2021-02-17,397891,11924,317666,1258503
"389",2021-02-18,407899,11881,316952,1298425
"390",2021-02-19,414215,11663,341586,1323618
"391",2021-02-20,375829,8967,320475,1337507
"392",2021-02-21,320727,6440,271645,1233518
"393",2021-02-22,289756,7304,285383,1312178
"394",2021-02-23,392058,11704,287884,1302882
"395",2021-02-24,448153,12507,358092,1285208
"396",2021-02-25,451042,10633,326116,1232758
"397",2021-02-26,446975,10795,306416,1236241
"398",2021-02-27,394046,8633,320784,1202432
"399",2021-02-28,309000,6226,254316,1179859
"400",2021-03-01,304795,7656,280485,1185925
"401",2021-03-02,313463,10339,338150,1240182
"402",2021-03-03,443639,11837,333402,1235048
"403",2021-03-04,456327,10301,289631,1234903
"404",2021-03-05,449881,10615,317780,1208640
"405",2021-03-06,415168,8150,287963,1160519
"406",2021-03-07,372637,5887,260739,1180104
"407",2021-03-08,300287,7117,291955,1216417
"408",2021-03-09,415481,10622,299682,1275347
"409",2021-03-10,469406,10135,344688,1256065
"410",2021-03-11,479183,10218,291245,1284767
"411",2021-03-12,491790,9986,320744,1325679
"412",2021-03-13,457042,8435,277072,1293352
"413",2021-03-14,364419,5910,308050,1277890
"414",2021-03-15,348978,7399,292231,1321388
"415",2021-03-16,467561,10633,319493,1308992
"416",2021-03-17,551602,10584,296119,1272298
"417",2021-03-18,543903,10725,331718,1299760
"418",2021-03-19,564368,10979,316180,1291231
"419",2021-03-20,501508,8736,286948,1262309
"420",2021-03-21,436914,8512,234936,1206064
"421",2021-03-22,416314,7825,297410,1307460
"422",2021-03-23,515865,11570,314234,1298959
"423",2021-03-24,635467,10426,305093,1309468
"424",2021-03-25,653391,11642,318562,1349663
"425",2021-03-26,642927,12891,293610,1265836
"426",2021-03-27,585823,10164,288259,1230764
"427",2021-03-28,475431,7284,248605,1211918
"428",2021-03-29,457624,8412,303305,1269901
"429",2021-03-30,569988,12132,321090,1300973
"430",2021-03-31,684699,12833,332749,1354603
"431",2021-04-01,713658,12455,311939,1368006
"432",2021-04-02,636543,10653,305788,1358619
"433",2021-04-03,531674,9349,281717,1293333
"434",2021-04-04,556095,7313,246007,1197875
"435",2021-04-05,485758,7666,289046,1296946
"436",2021-04-06,605478,12612,309565,1335799
"437",2021-04-07,686113,15721,321319,1312638
"438",2021-04-08,841047,14433,278534,1284449
"439",2021-04-09,750760,14252,324720,1300882
"440",2021-04-10,668322,13063,299086,1315016
"441",2021-04-11,692333,9009,253449,1256904
"442",2021-04-12,613864,9842,291369,1347983
"443",2021-04-13,781531,13889,310213,1350467
"444",2021-04-14,816475,14048,297494,1386341
"445",2021-04-15,817114,13665,359440,1197340
"446",2021-04-16,858177,13303,219704,1426977
"447",2021-04-17,788011,12504,194580,1453000
"448",2021-04-18,687012,9240,274735,1396766
"449",2021-04-19,693061,10907,208413,1476842
"450",2021-04-20,854255,14317,279977,1555560
"451",2021-04-21,891586,14940,226021,1565355
"452",2021-04-22,899728,13878,274610,1577266
"453",2021-04-23,904254,15174,295731,1537100
"454",2021-04-24,822529,13274,290690,1389103
"455",2021-04-25,725127,10649,241041,1389350
"456",2021-04-26,681685,11622,240687,1448466
"457",2021-04-27,845362,14994,298109,1448293
"458",2021-04-28,908289,16073,277126,1517604
"459",2021-04-29,897062,15742,259465,1530717
"460",2021-04-30,880510,14074,289389,1441230
"461",2021-05-01,798733,13317,262991,1427568
"462",2021-05-02,675619,10222,235214,1417458
"463",2021-05-03,679506,11725,287007,1488804
"464",2021-05-04,808227,14081,300824,1536119
"465",2021-05-05,842846,14908,309774,1518877
"466",2021-05-06,870467,14666,311380,1532197
"467",2021-05-07,833478,14461,307988,1527890
"468",2021-05-08,787230,13319,274691,1710882
"469",2021-05-09,642533,10458,247866,1716600
"470",2021-05-10,619070,11077,303297,1716489
"471",2021-05-11,739447,14242,312115,1716051
"472",2021-05-12,760634,13877,300452,1624077
"473",2021-05-13,725841,13716,276472,1588560
"474",2021-05-14,718049,13031,266055,1531689
"475",2021-05-15,629320,12256,232099,1472680
"476",2021-05-16,549557,10244,219435,1425115
"477",2021-05-17,538884,11160,250910,1446627
"478",2021-05-18,623047,14210,221018,1425053
"479",2021-05-19,672421,13576,263419,1461174
"480",2021-05-20,279804,13061,228039,1459146
"481",2021-05-21,626631,13029,226351,1367394
"482",2021-05-22,579404,11526,223800,1283663
"483",2021-05-23,477277,9752,194320,1264253
"484",2021-05-24,452490,9047,234755,1312739
"485",2021-05-25,532855,13221,233644,1289446
"486",2021-05-26,569680,12739,230753,1326432
"487",2021-05-27,554329,13007,214035,1291385
"488",2021-05-28,500600,11938,218311,1305078
"489",2021-05-29,482325,10783,198332,1293425
"490",2021-05-30,391852,8298,179795,1280282
"491",2021-05-31,378836,8693,226469,1297889
"492",2021-06-01,463035,15343,234561,1274354
"493",2021-06-02,486232,11907,250589,1314178
"494",2021-06-03,489432,9858,255621,1337711
"495",2021-06-04,419736,10960,236672,1301803
"496",2021-06-05,399272,9381,194580,1176676
"497",2021-06-06,323297,7218,185305,1134526
"498",2021-06-07,320591,8047,235479,1225549
"499",2021-06-08,367227,10369,246906,1221063
"500",2021-06-09,419941,10497,210911,1194275
"501",2021-06-10,449711,15994,252983,1188556
"502",2021-06-11,420997,11810,216502,1183286
"503",2021-06-12,372856,9770,222774,1131777
"504",2021-06-13,303676,9267,187098,1124736
"505",2021-06-14,307380,7863,242416,1188556
"506",2021-06-15,371354,10588,241861,1224101
"507",2021-06-16,398713,10332,252937,1201109
"508",2021-06-17,392547,9299,237725,1218956
"509",2021-06-18,406888,9229,222918,1170182
"510",2021-06-19,349501,8176,187042,1050189
"511",2021-06-20,302396,6726,167249,1057288
"512",2021-06-21,293682,6851,205050,1209567
"513",2021-06-22,371828,8999,196523,1297644
"514",2021-06-23,437801,9533,232704,1201974
"515",2021-06-24,404925,8620,233278,1207012
"516",2021-06-25,421946,9230,218245,1227331
"517",2021-06-26,366037,7551,181628,1150460
"518",2021-06-27,311489,6095,121538,1104703
"519",2021-06-28,328344,6503,221000,1404100
"520",2021-06-29,379660,8128,205616,1264320
"521",2021-06-30,397001,9222,215304,1212214
"522",2021-07-01,440986,8667,233683,1211710
"523",2021-07-02,441272,8280,188568,1181574
"524",2021-07-03,376701,6904,237463,1122543
"525",2021-07-04,328519,6668,171850,1105343
"526",2021-07-05,369569,7289,223760,1147895
"527",2021-07-06,453439,8549,228279,1355421
"528",2021-07-07,463455,8582,221227,1290979
"529",2021-07-08,480356,8842,230719,1262627
"530",2021-07-09,507522,8398,227511,1223691
"531",2021-07-10,427057,6623,187263,1139265
"532",2021-07-11,370527,7628,166144,1101766
"533",2021-07-12,436692,8058,220269,1191465
"534",2021-07-13,519989,8333,229916,1183412
"535",2021-07-14,541470,8641,236217,1223130
"536",2021-07-15,572129,8537,226234,1259972
"537",2021-07-16,598287,8726,223466,1199018
"538",2021-07-17,473990,7087,182047,1164624
"539",2021-07-18,431019,7096,161122,1168843
"540",2021-07-19,496529,7055,226803,1195218
"541",2021-07-20,529948,20759,230509,1192750
"542",2021-07-21,558817,8703,235680,1195171
"543",2021-07-22,564399,8761,230282,1202844
"544",2021-07-23,729107,8330,231130,1203397
"545",2021-07-24,432933,8703,198091,1225509
"546",2021-07-25,445293,7315,174535,1128848
"547",2021-07-26,540371,7781,261950,1260619
"548",2021-07-27,610234,9875,255221,1318124
"549",2021-07-28,644301,10165,251223,1300283
"550",2021-07-29,652869,10831,262612,1259128
"551",2021-07-30,730300,9640,255417,1242337
"552",2021-07-31,510168,8762,207348,1212322
"553",2021-08-01,481299,7405,185157,1190618
"554",2021-08-02,578074,7915,239277,1269470
"555",2021-08-03,637411,10347,246198,1219663
"556",2021-08-04,675404,10626,239596,1223841
"557",2021-08-05,688926,10949,246175,1159663
"558",2021-08-06,821816,10580,260810,1212021
"559",2021-08-07,550928,8622,212229,1198433
"560",2021-08-08,441585,7451,191623,1184278
"561",2021-08-09,653833,8639,252660,1218594
"562",2021-08-10,648649,11557,260968,1212289
"563",2021-08-11,728525,10423,262437,1234409
"564",2021-08-12,710787,10675,250961,1195283
"565",2021-08-13,805711,10477,260624,1197050
"566",2021-08-14,533942,8688,209074,1159942
"567",2021-08-15,464012,7243,186239,1125295
"568",2021-08-16,678610,9813,263529,1253968
"569",2021-08-17,683063,10768,257766,1252163
"570",2021-08-18,728219,10835,247333,1201544
"571",2021-08-19,715654,11508,253447,1255453
"572",2021-08-20,790118,10464,271837,1260054
"573",2021-08-21,540191,8933,219407,1186758
"574",2021-08-22,446492,7633,190631,1183893
"575",2021-08-23,704466,10043,270736,1245624
"576",2021-08-24,686926,11096,263984,1247051
"577",2021-08-25,730326,11355,263009,1184780
"578",2021-08-26,735690,11660,258590,1175063
"579",2021-08-27,745703,10240,256813,1119072
"580",2021-08-28,547384,8505,218268,1131721
"581",2021-08-29,446573,6716,191650,1147150
"582",2021-08-30,686532,9507,250955,1198993
"583",2021-08-31,619188,9138,271163,1206314
"584",2021-09-01,727341,12509,280865,1225104
"585",2021-09-02,677015,11215,289900,1261258
"586",2021-09-03,718119,10698,283991,1198777
"587",2021-09-04,484717,7730,227732,1189085
"588",2021-09-05,440067,6489,205066,1136467
"589",2021-09-06,440507,7983,268877,1206493
"590",2021-09-07,725520,10493,276624,1308071
"591",2021-09-08,631697,10105,270483,1178449
"592",2021-09-09,637634,10778,274384,1219850
"593",2021-09-10,634006,9195,261371,1244706
"594",2021-09-11,456568,8355,218445,1249438
"595",2021-09-12,368246,5522,192691,1211328
"596",2021-09-13,601292,9059,255970,1267491
"597",2021-09-14,551380,9969,268127,1231240
"598",2021-09-15,567962,10450,268957,1207590
"599",2021-09-16,576554,10488,271223,1224358
"600",2021-09-17,593543,8688,271040,1187578
"601",2021-09-18,537048,6779,227661,1143196
"602",2021-09-19,360842,6035,200516,1128226
"603",2021-09-20,534074,8197,270233,1174559
"604",2021-09-21,469175,9121,244568,1193295
"605",2021-09-22,538166,10136,275235,1174030
"606",2021-09-23,511715,9781,268689,1193053
"607",2021-09-24,547577,8803,277565,1152685
"608",2021-09-25,367156,5382,212575,1121078
"609",2021-09-26,348328,5370,195560,1088537
"610",2021-09-27,472644,7774,255873,1133903
"611",2021-09-28,449461,9385,262292,1108122
"612",2021-09-29,502796,9369,241991,1135869
"613",2021-09-30,484757,8837,293074,1116157
"614",2021-10-01,539419,8613,277042,1207263
"615",2021-10-02,346654,5824,259961,1117899
"616",2021-10-03,306394,4239,218112,1130224
"617",2021-10-04,444529,7251,268955,1121513
"618",2021-10-05,420173,7416,312538,1235674
"619",2021-10-06,512958,9225,267749,1337833
"620",2021-10-07,432842,8865,325875,1344295
"621",2021-10-08,474471,7561,280028,1287034
"622",2021-10-09,332255,4761,246189,1191856
"623",2021-10-10,314930,4673,211506,1137901
"624",2021-10-11,381999,5829,280184,1183486
"625",2021-10-12,433308,8136,274155,1203566
"626",2021-10-13,463337,8776,288916,1189854
"627",2021-10-14,444567,7975,282383,1227097
"628",2021-10-15,457079,7293,297746,1302993
"629",2021-10-16,337271,5217,270052,1181031
"630",2021-10-17,313287,4241,215883,1144184
"631",2021-10-18,414767,6508,285368,1197673
"632",2021-10-19,442152,8280,312018,1243503
"633",2021-10-20,471197,8666,291813,1259885
"634",2021-10-21,456978,7680,320743,1277275
"635",2021-10-22,485646,8205,287550,1256044
"636",2021-10-23,360296,5742,223941,1235169
"637",2021-10-24,316076,4554,211220,1261312
"638",2021-10-25,431004,6664,284680,1299495
"639",2021-10-26,442773,7936,294029,1344772
"640",2021-10-27,512486,9167,292114,1370504
"641",2021-10-28,459075,8575,295558,1510502
"642",2021-10-29,504818,8054,305733,1456333
"643",2021-10-30,381980,5989,252061,1379095
"644",2021-10-31,320852,4457,217435,1304184
"645",2021-11-01,423046,6300,293282,1341733
"646",2021-11-02,429489,7306,297402,1395656
"647",2021-11-03,521220,8344,288746,1417221
"648",2021-11-04,527779,7688,289141,1352186
"649",2021-11-05,515353,8582,285946,1339661
"650",2021-11-06,414433,6529,236233,1255921
"651",2021-11-07,347177,4433,226128,1276998
"652",2021-11-08,478487,6730,285806,1329018
"653",2021-11-09,483094,8203,335411,1334145
"654",2021-11-10,574383,8149,301025,1390746
"655",2021-11-11,516093,7583,293665,1347643
"656",2021-11-12,594674,8679,282049,1345131
"657",2021-11-13,428671,6868,238634,1300464
"658",2021-11-14,351443,4549,224016,1275744
"659",2021-11-15,545061,6737,288435,1289636
"660",2021-11-16,521883,7632,301103,1310153
"661",2021-11-17,624866,9143,290390,1353219
"662",2021-11-18,613128,8218,293867,1284250
"663",2021-11-19,615901,8019,284719,1255788
"664",2021-11-20,476669,5963,249652,1160128
"665",2021-11-21,396133,4413,222949,1260939
"666",2021-11-22,624637,7238,279165,1221508
"667",2021-11-23,606489,7968,283401,1264994
"668",2021-11-24,672616,8594,298909,1342491
"669",2021-11-25,595842,7732,287496,1301578
"670",2021-11-26,596892,6673,292645,1297524
"671",2021-11-27,450507,5756,240759,1213284
"672",2021-11-28,405768,4647,213768,1135653
