[{"blocks":1025,"transactions":2221449,"date_range":"2020-02-02"},{"blocks":1005,"transactions":2294547,"date_range":"2020-02-09"},{"blocks":972,"transactions":2289418,"date_range":"2020-02-16"},{"blocks":1018,"transactions":2252632,"date_range":"2020-02-23"},{"blocks":1042,"transactions":2318197,"date_range":"2020-03-01"},{"blocks":1102,"transactions":2347808,"date_range":"2020-03-08"},{"blocks":924,"transactions":2095235,"date_range":"2020-03-15"},{"blocks":809,"transactions":1785312,"date_range":"2020-03-22"},{"blocks":937,"transactions":1798944,"date_range":"2020-03-29"},{"blocks":1076,"transactions":1920382,"date_range":"2020-04-05"},{"blocks":1069,"transactions":1931475,"date_range":"2020-04-12"},{"blocks":1099,"transactions":2046000,"date_range":"2020-04-19"},{"blocks":1000,"transactions":2083154,"date_range":"2020-04-26"},{"blocks":1032,"transactions":2197164,"date_range":"2020-05-03"},{"blocks":1060,"transactions":2253367,"date_range":"2020-05-10"},{"blocks":889,"transactions":2060605,"date_range":"2020-05-17"},{"blocks":835,"transactions":1889684,"date_range":"2020-05-24"},{"blocks":951,"transactions":1979927,"date_range":"2020-05-31"},{"blocks":1087,"transactions":2109034,"date_range":"2020-06-07"},{"blocks":1162,"transactions":2176180,"date_range":"2020-06-14"},{"blocks":975,"transactions":2140134,"date_range":"2020-06-21"},{"blocks":1033,"transactions":2151935,"date_range":"2020-06-28"},{"blocks":1101,"transactions":2230956,"date_range":"2020-07-05"},{"blocks":1099,"transactions":2330046,"date_range":"2020-07-12"},{"blocks":944,"transactions":2214009,"date_range":"2020-07-19"},{"blocks":1007,"transactions":2285550,"date_range":"2020-07-26"},{"blocks":1008,"transactions":2297301,"date_range":"2020-08-02"},{"blocks":1042,"transactions":2189743,"date_range":"2020-08-09"},{"blocks":1070,"transactions":2294578,"date_range":"2020-08-16"},{"blocks":997,"transactions":2221266,"date_range":"2020-08-23"},{"blocks":984,"transactions":2200502,"date_range":"2020-08-30"},{"blocks":1003,"transactions":2194428,"date_range":"2020-09-06"},{"blocks":1107,"transactions":2184760,"date_range":"2020-09-13"},{"blocks":1121,"transactions":2258776,"date_range":"2020-09-20"},{"blocks":1024,"transactions":2165698,"date_range":"2020-09-27"},{"blocks":995,"transactions":2193663,"date_range":"2020-10-04"},{"blocks":1008,"transactions":2207614,"date_range":"2020-10-11"},{"blocks":1047,"transactions":2134196,"date_range":"2020-10-18"},{"blocks":936,"transactions":2157787,"date_range":"2020-10-25"},{"blocks":766,"transactions":1862282,"date_range":"2020-11-01"},{"blocks":978,"transactions":2049946,"date_range":"2020-11-08"},{"blocks":1070,"transactions":2103051,"date_range":"2020-11-15"},{"blocks":1134,"transactions":2262657,"date_range":"2020-11-22"},{"blocks":1046,"transactions":2197065,"date_range":"2020-11-29"},{"blocks":977,"transactions":2168676,"date_range":"2020-12-06"},{"blocks":989,"transactions":2142909,"date_range":"2020-12-13"},{"blocks":1023,"transactions":2260616,"date_range":"2020-12-20"},{"blocks":988,"transactions":2088879,"date_range":"2020-12-27"},{"blocks":1108,"transactions":2242777,"date_range":"2021-01-03"},{"blocks":1121,"transactions":2538733,"date_range":"2021-01-10"},{"blocks":1036,"transactions":2252898,"date_range":"2021-01-17"},{"blocks":1000,"transactions":2130577,"date_range":"2021-01-24"},{"blocks":1020,"transactions":2238838,"date_range":"2021-01-31"},{"blocks":1066,"transactions":2338418,"date_range":"2021-02-07"},{"blocks":1024,"transactions":2316215,"date_range":"2021-02-14"},{"blocks":988,"transactions":2176034,"date_range":"2021-02-21"},{"blocks":1002,"transactions":2138991,"date_range":"2021-02-28"},{"blocks":1000,"transactions":2108150,"date_range":"2021-03-07"},{"blocks":1026,"transactions":2133436,"date_range":"2021-03-14"},{"blocks":1043,"transactions":2077625,"date_range":"2021-03-21"},{"blocks":1072,"transactions":2065773,"date_range":"2021-03-28"},{"blocks":1016,"transactions":2102595,"date_range":"2021-04-04"},{"blocks":1045,"transactions":2075719,"date_range":"2021-04-11"},{"blocks":911,"transactions":1947535,"date_range":"2021-04-18"},{"blocks":890,"transactions":1816483,"date_range":"2021-04-25"},{"blocks":989,"transactions":1862981,"date_range":"2021-05-02"},{"blocks":1214,"transactions":2039530,"date_range":"2021-05-09"},{"blocks":1074,"transactions":1909925,"date_range":"2021-05-16"},{"blocks":803,"transactions":1607857,"date_range":"2021-05-23"},{"blocks":867,"transactions":1509625,"date_range":"2021-05-30"},{"blocks":1008,"transactions":1583797,"date_range":"2021-06-06"},{"blocks":895,"transactions":1572653,"date_range":"2021-06-13"},{"blocks":851,"transactions":1552148,"date_range":"2021-06-20"},{"blocks":659,"transactions":1388966,"date_range":"2021-06-27"},{"blocks":694,"transactions":1473484,"date_range":"2021-07-04"},{"blocks":953,"transactions":1484903,"date_range":"2021-07-11"},{"blocks":997,"transactions":1479271,"date_range":"2021-07-18"},{"blocks":1032,"transactions":1527030,"date_range":"2021-07-25"},{"blocks":1115,"transactions":1678928,"date_range":"2021-08-01"},{"blocks":1092,"transactions":1635908,"date_range":"2021-08-08"},{"blocks":1103,"transactions":1682963,"date_range":"2021-08-15"},{"blocks":1116,"transactions":1703950,"date_range":"2021-08-22"},{"blocks":1100,"transactions":1723050,"date_range":"2021-08-29"},{"blocks":1032,"transactions":1809672,"date_range":"2021-09-05"},{"blocks":1035,"transactions":1762875,"date_range":"2021-09-12"},{"blocks":1067,"transactions":1763494,"date_range":"2021-09-19"},{"blocks":1017,"transactions":1744425,"date_range":"2021-09-26"},{"blocks":1086,"transactions":1808345,"date_range":"2021-10-03"},{"blocks":1021,"transactions":1912840,"date_range":"2021-10-10"},{"blocks":1020,"transactions":1909319,"date_range":"2021-10-17"},{"blocks":1056,"transactions":1932653,"date_range":"2021-10-24"},{"blocks":1107,"transactions":1941610,"date_range":"2021-10-31"},{"blocks":1072,"transactions":1916878,"date_range":"2021-11-07"},{"blocks":1046,"transactions":1960606,"date_range":"2021-11-14"},{"blocks":1008,"transactions":1931115,"date_range":"2021-11-21"},{"blocks":974,"transactions":1896143,"date_range":"2021-11-28"}]