[{"blocks":129,"transactions":279240,"date":"2020-01-27"},{"blocks":142,"transactions":340052,"date":"2020-01-28"},{"blocks":160,"transactions":340562,"date":"2020-01-29"},{"blocks":156,"transactions":332558,"date":"2020-01-30"},{"blocks":144,"transactions":334434,"date":"2020-01-31"},{"blocks":151,"transactions":303724,"date":"2020-02-01"},{"blocks":143,"transactions":290879,"date":"2020-02-02"},{"blocks":148,"transactions":331012,"date":"2020-02-03"},{"blocks":132,"transactions":309190,"date":"2020-02-04"},{"blocks":159,"transactions":368604,"date":"2020-02-05"},{"blocks":135,"transactions":315370,"date":"2020-02-06"},{"blocks":139,"transactions":334938,"date":"2020-02-07"},{"blocks":139,"transactions":318363,"date":"2020-02-08"},{"blocks":153,"transactions":317070,"date":"2020-02-09"},{"blocks":122,"transactions":298104,"date":"2020-02-10"},{"blocks":148,"transactions":365583,"date":"2020-02-11"},{"blocks":142,"transactions":344615,"date":"2020-02-12"},{"blocks":141,"transactions":340081,"date":"2020-02-13"},{"blocks":135,"transactions":326078,"date":"2020-02-14"},{"blocks":142,"transactions":322721,"date":"2020-02-15"},{"blocks":142,"transactions":292236,"date":"2020-02-16"},{"blocks":157,"transactions":341491,"date":"2020-02-17"},{"blocks":150,"transactions":331050,"date":"2020-02-18"},{"blocks":141,"transactions":334805,"date":"2020-02-19"},{"blocks":126,"transactions":316626,"date":"2020-02-20"},{"blocks":154,"transactions":338484,"date":"2020-02-21"},{"blocks":148,"transactions":304597,"date":"2020-02-22"},{"blocks":142,"transactions":285579,"date":"2020-02-23"},{"blocks":141,"transactions":328890,"date":"2020-02-24"},{"blocks":144,"transactions":334593,"date":"2020-02-25"},{"blocks":136,"transactions":329967,"date":"2020-02-26"},{"blocks":147,"transactions":338781,"date":"2020-02-27"},{"blocks":158,"transactions":368590,"date":"2020-02-28"},{"blocks":139,"transactions":307527,"date":"2020-02-29"},{"blocks":177,"transactions":309849,"date":"2020-03-01"},{"blocks":149,"transactions":342821,"date":"2020-03-02"},{"blocks":153,"transactions":342324,"date":"2020-03-03"},{"blocks":167,"transactions":358745,"date":"2020-03-04"},{"blocks":163,"transactions":349529,"date":"2020-03-05"},{"blocks":155,"transactions":338383,"date":"2020-03-06"},{"blocks":157,"transactions":313312,"date":"2020-03-07"},{"blocks":158,"transactions":302694,"date":"2020-03-08"},{"blocks":150,"transactions":348211,"date":"2020-03-09"},{"blocks":132,"transactions":329698,"date":"2020-03-10"},{"blocks":119,"transactions":287492,"date":"2020-03-11"},{"blocks":151,"transactions":349978,"date":"2020-03-12"},{"blocks":125,"transactions":276798,"date":"2020-03-13"},{"blocks":128,"transactions":279828,"date":"2020-03-14"},{"blocks":119,"transactions":223230,"date":"2020-03-15"},{"blocks":119,"transactions":270399,"date":"2020-03-16"},{"blocks":123,"transactions":278326,"date":"2020-03-17"},{"blocks":100,"transactions":231254,"date":"2020-03-18"},{"blocks":107,"transactions":265689,"date":"2020-03-19"},{"blocks":109,"transactions":284594,"date":"2020-03-20"},{"blocks":124,"transactions":245896,"date":"2020-03-21"},{"blocks":127,"transactions":209154,"date":"2020-03-22"},{"blocks":112,"transactions":259816,"date":"2020-03-23"},{"blocks":132,"transactions":278131,"date":"2020-03-24"},{"blocks":92,"transactions":218176,"date":"2020-03-25"},{"blocks":160,"transactions":292828,"date":"2020-03-26"},{"blocks":155,"transactions":276546,"date":"2020-03-27"},{"blocks":135,"transactions":240627,"date":"2020-03-28"},{"blocks":151,"transactions":232820,"date":"2020-03-29"},{"blocks":147,"transactions":276828,"date":"2020-03-30"},{"blocks":159,"transactions":290227,"date":"2020-03-31"},{"blocks":153,"transactions":281855,"date":"2020-04-01"},{"blocks":153,"transactions":299176,"date":"2020-04-02"},{"blocks":132,"transactions":278763,"date":"2020-04-03"},{"blocks":157,"transactions":253274,"date":"2020-04-04"},{"blocks":175,"transactions":240259,"date":"2020-04-05"},{"blocks":128,"transactions":280470,"date":"2020-04-06"},{"blocks":168,"transactions":312770,"date":"2020-04-07"},{"blocks":144,"transactions":286563,"date":"2020-04-08"},{"blocks":154,"transactions":286706,"date":"2020-04-09"},{"blocks":163,"transactions":288585,"date":"2020-04-10"},{"blocks":159,"transactions":247852,"date":"2020-04-11"},{"blocks":153,"transactions":228529,"date":"2020-04-12"},{"blocks":171,"transactions":288113,"date":"2020-04-13"},{"blocks":168,"transactions":299391,"date":"2020-04-14"},{"blocks":169,"transactions":310253,"date":"2020-04-15"},{"blocks":154,"transactions":322903,"date":"2020-04-16"},{"blocks":127,"transactions":284222,"date":"2020-04-17"},{"blocks":158,"transactions":289134,"date":"2020-04-18"},{"blocks":152,"transactions":251984,"date":"2020-04-19"},{"blocks":161,"transactions":310810,"date":"2020-04-20"},{"blocks":149,"transactions":310851,"date":"2020-04-21"},{"blocks":131,"transactions":278755,"date":"2020-04-22"},{"blocks":142,"transactions":329045,"date":"2020-04-23"},{"blocks":144,"transactions":320055,"date":"2020-04-24"},{"blocks":136,"transactions":280805,"date":"2020-04-25"},{"blocks":137,"transactions":252833,"date":"2020-04-26"},{"blocks":141,"transactions":311217,"date":"2020-04-27"},{"blocks":154,"transactions":323475,"date":"2020-04-28"},{"blocks":145,"transactions":331401,"date":"2020-04-29"},{"blocks":135,"transactions":321972,"date":"2020-04-30"},{"blocks":141,"transactions":340574,"date":"2020-05-01"},{"blocks":148,"transactions":286773,"date":"2020-05-02"},{"blocks":168,"transactions":281752,"date":"2020-05-03"},{"blocks":158,"transactions":326098,"date":"2020-05-04"},{"blocks":158,"transactions":329075,"date":"2020-05-05"},{"blocks":154,"transactions":333395,"date":"2020-05-06"},{"blocks":147,"transactions":341986,"date":"2020-05-07"},{"blocks":137,"transactions":323625,"date":"2020-05-08"},{"blocks":136,"transactions":312399,"date":"2020-05-09"},{"blocks":170,"transactions":286789,"date":"2020-05-10"},{"blocks":157,"transactions":305839,"date":"2020-05-11"},{"blocks":146,"transactions":345215,"date":"2020-05-12"},{"blocks":119,"transactions":296796,"date":"2020-05-13"},{"blocks":114,"transactions":268750,"date":"2020-05-14"},{"blocks":125,"transactions":310642,"date":"2020-05-15"},{"blocks":126,"transactions":296555,"date":"2020-05-16"},{"blocks":102,"transactions":236808,"date":"2020-05-17"},{"blocks":128,"transactions":273723,"date":"2020-05-18"},{"blocks":115,"transactions":274897,"date":"2020-05-19"},{"blocks":115,"transactions":280037,"date":"2020-05-20"},{"blocks":131,"transactions":298483,"date":"2020-05-21"},{"blocks":111,"transactions":278784,"date":"2020-05-22"},{"blocks":119,"transactions":269230,"date":"2020-05-23"},{"blocks":116,"transactions":214530,"date":"2020-05-24"},{"blocks":125,"transactions":265875,"date":"2020-05-25"},{"blocks":124,"transactions":295782,"date":"2020-05-26"},{"blocks":138,"transactions":292927,"date":"2020-05-27"},{"blocks":131,"transactions":299910,"date":"2020-05-28"},{"blocks":127,"transactions":280960,"date":"2020-05-29"},{"blocks":156,"transactions":286046,"date":"2020-05-30"},{"blocks":150,"transactions":258427,"date":"2020-05-31"},{"blocks":134,"transactions":308312,"date":"2020-06-01"},{"blocks":129,"transactions":304114,"date":"2020-06-02"},{"blocks":139,"transactions":314000,"date":"2020-06-03"},{"blocks":151,"transactions":318285,"date":"2020-06-04"},{"blocks":179,"transactions":327082,"date":"2020-06-05"},{"blocks":196,"transactions":284873,"date":"2020-06-06"},{"blocks":159,"transactions":252368,"date":"2020-06-07"},{"blocks":162,"transactions":317275,"date":"2020-06-08"},{"blocks":160,"transactions":327074,"date":"2020-06-09"},{"blocks":164,"transactions":325163,"date":"2020-06-10"},{"blocks":185,"transactions":332490,"date":"2020-06-11"},{"blocks":163,"transactions":318274,"date":"2020-06-12"},{"blocks":158,"transactions":280181,"date":"2020-06-13"},{"blocks":170,"transactions":275723,"date":"2020-06-14"},{"blocks":138,"transactions":294468,"date":"2020-06-15"},{"blocks":150,"transactions":340517,"date":"2020-06-16"},{"blocks":138,"transactions":333547,"date":"2020-06-17"},{"blocks":123,"transactions":280603,"date":"2020-06-18"},{"blocks":143,"transactions":347436,"date":"2020-06-19"},{"blocks":137,"transactions":284123,"date":"2020-06-20"},{"blocks":146,"transactions":259440,"date":"2020-06-21"},{"blocks":143,"transactions":301396,"date":"2020-06-22"},{"blocks":158,"transactions":355256,"date":"2020-06-23"},{"blocks":139,"transactions":312321,"date":"2020-06-24"},{"blocks":141,"transactions":312183,"date":"2020-06-25"},{"blocks":164,"transactions":330381,"date":"2020-06-26"},{"blocks":138,"transactions":275489,"date":"2020-06-27"},{"blocks":150,"transactions":264909,"date":"2020-06-28"},{"blocks":145,"transactions":315424,"date":"2020-06-29"},{"blocks":147,"transactions":299733,"date":"2020-06-30"},{"blocks":162,"transactions":382570,"date":"2020-07-01"},{"blocks":164,"transactions":339469,"date":"2020-07-02"},{"blocks":163,"transactions":331009,"date":"2020-07-03"},{"blocks":157,"transactions":288647,"date":"2020-07-04"},{"blocks":163,"transactions":274104,"date":"2020-07-05"},{"blocks":154,"transactions":338767,"date":"2020-07-06"},{"blocks":161,"transactions":345975,"date":"2020-07-07"},{"blocks":151,"transactions":347455,"date":"2020-07-08"},{"blocks":164,"transactions":362718,"date":"2020-07-09"},{"blocks":161,"transactions":345996,"date":"2020-07-10"},{"blocks":156,"transactions":306771,"date":"2020-07-11"},{"blocks":152,"transactions":282364,"date":"2020-07-12"},{"blocks":147,"transactions":310227,"date":"2020-07-13"},{"blocks":144,"transactions":359847,"date":"2020-07-14"},{"blocks":138,"transactions":316064,"date":"2020-07-15"},{"blocks":136,"transactions":345849,"date":"2020-07-16"},{"blocks":118,"transactions":293907,"date":"2020-07-17"},{"blocks":130,"transactions":311022,"date":"2020-07-18"},{"blocks":131,"transactions":277093,"date":"2020-07-19"},{"blocks":141,"transactions":309747,"date":"2020-07-20"},{"blocks":125,"transactions":312871,"date":"2020-07-21"},{"blocks":144,"transactions":364792,"date":"2020-07-22"},{"blocks":136,"transactions":336245,"date":"2020-07-23"},{"blocks":161,"transactions":369432,"date":"2020-07-24"},{"blocks":142,"transactions":293883,"date":"2020-07-25"},{"blocks":158,"transactions":298580,"date":"2020-07-26"},{"blocks":149,"transactions":326769,"date":"2020-07-27"},{"blocks":145,"transactions":354742,"date":"2020-07-28"},{"blocks":148,"transactions":346521,"date":"2020-07-29"},{"blocks":135,"transactions":327789,"date":"2020-07-30"},{"blocks":153,"transactions":356906,"date":"2020-07-31"},{"blocks":137,"transactions":296705,"date":"2020-08-01"},{"blocks":141,"transactions":287869,"date":"2020-08-02"},{"blocks":162,"transactions":333753,"date":"2020-08-03"},{"blocks":145,"transactions":329032,"date":"2020-08-04"},{"blocks":129,"transactions":291814,"date":"2020-08-05"},{"blocks":156,"transactions":356612,"date":"2020-08-06"},{"blocks":152,"transactions":326499,"date":"2020-08-07"},{"blocks":142,"transactions":283631,"date":"2020-08-08"},{"blocks":156,"transactions":268402,"date":"2020-08-09"},{"blocks":137,"transactions":308367,"date":"2020-08-10"},{"blocks":154,"transactions":349952,"date":"2020-08-11"},{"blocks":157,"transactions":346405,"date":"2020-08-12"},{"blocks":147,"transactions":325346,"date":"2020-08-13"},{"blocks":167,"transactions":365679,"date":"2020-08-14"},{"blocks":156,"transactions":313760,"date":"2020-08-15"},{"blocks":152,"transactions":285069,"date":"2020-08-16"},{"blocks":125,"transactions":292944,"date":"2020-08-17"},{"blocks":140,"transactions":346036,"date":"2020-08-18"},{"blocks":138,"transactions":333879,"date":"2020-08-19"},{"blocks":146,"transactions":333683,"date":"2020-08-20"},{"blocks":155,"transactions":314297,"date":"2020-08-21"},{"blocks":136,"transactions":311699,"date":"2020-08-22"},{"blocks":157,"transactions":288728,"date":"2020-08-23"},{"blocks":149,"transactions":329133,"date":"2020-08-24"},{"blocks":128,"transactions":304409,"date":"2020-08-25"},{"blocks":142,"transactions":324184,"date":"2020-08-26"},{"blocks":129,"transactions":328157,"date":"2020-08-27"},{"blocks":163,"transactions":352722,"date":"2020-08-28"},{"blocks":146,"transactions":292783,"date":"2020-08-29"},{"blocks":127,"transactions":269114,"date":"2020-08-30"},{"blocks":150,"transactions":302920,"date":"2020-08-31"},{"blocks":154,"transactions":376508,"date":"2020-09-01"},{"blocks":144,"transactions":317449,"date":"2020-09-02"},{"blocks":129,"transactions":310922,"date":"2020-09-03"},{"blocks":135,"transactions":298286,"date":"2020-09-04"},{"blocks":141,"transactions":325523,"date":"2020-09-05"},{"blocks":150,"transactions":262820,"date":"2020-09-06"},{"blocks":175,"transactions":327662,"date":"2020-09-07"},{"blocks":155,"transactions":332668,"date":"2020-09-08"},{"blocks":149,"transactions":314864,"date":"2020-09-09"},{"blocks":158,"transactions":345981,"date":"2020-09-10"},{"blocks":138,"transactions":308323,"date":"2020-09-11"},{"blocks":170,"transactions":300152,"date":"2020-09-12"},{"blocks":162,"transactions":255110,"date":"2020-09-13"},{"blocks":176,"transactions":354020,"date":"2020-09-14"},{"blocks":156,"transactions":332957,"date":"2020-09-15"},{"blocks":155,"transactions":342609,"date":"2020-09-16"},{"blocks":178,"transactions":348581,"date":"2020-09-17"},{"blocks":165,"transactions":325157,"date":"2020-09-18"},{"blocks":149,"transactions":296357,"date":"2020-09-19"},{"blocks":142,"transactions":259095,"date":"2020-09-20"},{"blocks":145,"transactions":297605,"date":"2020-09-21"},{"blocks":129,"transactions":312989,"date":"2020-09-22"},{"blocks":142,"transactions":349938,"date":"2020-09-23"},{"blocks":137,"transactions":316552,"date":"2020-09-24"},{"blocks":169,"transactions":353070,"date":"2020-09-25"},{"blocks":150,"transactions":276162,"date":"2020-09-26"},{"blocks":152,"transactions":259382,"date":"2020-09-27"},{"blocks":129,"transactions":295476,"date":"2020-09-28"},{"blocks":141,"transactions":347696,"date":"2020-09-29"},{"blocks":156,"transactions":351417,"date":"2020-09-30"},{"blocks":124,"transactions":304757,"date":"2020-10-01"},{"blocks":136,"transactions":315443,"date":"2020-10-02"},{"blocks":151,"transactions":310855,"date":"2020-10-03"},{"blocks":158,"transactions":268019,"date":"2020-10-04"},{"blocks":140,"transactions":294986,"date":"2020-10-05"},{"blocks":130,"transactions":317922,"date":"2020-10-06"},{"blocks":151,"transactions":370554,"date":"2020-10-07"},{"blocks":162,"transactions":330227,"date":"2020-10-08"},{"blocks":142,"transactions":339343,"date":"2020-10-09"},{"blocks":143,"transactions":298486,"date":"2020-10-10"},{"blocks":140,"transactions":256096,"date":"2020-10-11"},{"blocks":149,"transactions":314174,"date":"2020-10-12"},{"blocks":166,"transactions":333215,"date":"2020-10-13"},{"blocks":149,"transactions":314541,"date":"2020-10-14"},{"blocks":151,"transactions":340993,"date":"2020-10-15"},{"blocks":155,"transactions":324647,"date":"2020-10-16"},{"blocks":157,"transactions":275069,"date":"2020-10-17"},{"blocks":120,"transactions":231557,"date":"2020-10-18"},{"blocks":125,"transactions":303929,"date":"2020-10-19"},{"blocks":144,"transactions":330563,"date":"2020-10-20"},{"blocks":130,"transactions":311292,"date":"2020-10-21"},{"blocks":137,"transactions":339087,"date":"2020-10-22"},{"blocks":131,"transactions":323869,"date":"2020-10-23"},{"blocks":152,"transactions":306774,"date":"2020-10-24"},{"blocks":117,"transactions":242273,"date":"2020-10-25"},{"blocks":110,"transactions":252494,"date":"2020-10-26"},{"blocks":99,"transactions":251938,"date":"2020-10-27"},{"blocks":100,"transactions":261340,"date":"2020-10-28"},{"blocks":108,"transactions":276070,"date":"2020-10-29"},{"blocks":111,"transactions":268364,"date":"2020-10-30"},{"blocks":113,"transactions":275796,"date":"2020-10-31"},{"blocks":125,"transactions":276280,"date":"2020-11-01"},{"blocks":95,"transactions":224609,"date":"2020-11-02"},{"blocks":140,"transactions":331673,"date":"2020-11-03"},{"blocks":159,"transactions":320697,"date":"2020-11-04"},{"blocks":147,"transactions":318668,"date":"2020-11-05"},{"blocks":153,"transactions":340351,"date":"2020-11-06"},{"blocks":146,"transactions":270901,"date":"2020-11-07"},{"blocks":138,"transactions":243047,"date":"2020-11-08"},{"blocks":185,"transactions":326383,"date":"2020-11-09"},{"blocks":147,"transactions":303270,"date":"2020-11-10"},{"blocks":147,"transactions":322277,"date":"2020-11-11"},{"blocks":160,"transactions":324855,"date":"2020-11-12"},{"blocks":139,"transactions":300040,"date":"2020-11-13"},{"blocks":142,"transactions":273511,"date":"2020-11-14"},{"blocks":150,"transactions":252715,"date":"2020-11-15"},{"blocks":160,"transactions":311477,"date":"2020-11-16"},{"blocks":157,"transactions":347772,"date":"2020-11-17"},{"blocks":169,"transactions":362007,"date":"2020-11-18"},{"blocks":137,"transactions":311061,"date":"2020-11-19"},{"blocks":168,"transactions":348026,"date":"2020-11-20"},{"blocks":169,"transactions":311189,"date":"2020-11-21"},{"blocks":174,"transactions":271125,"date":"2020-11-22"},{"blocks":147,"transactions":297840,"date":"2020-11-23"},{"blocks":136,"transactions":333293,"date":"2020-11-24"},{"blocks":155,"transactions":361990,"date":"2020-11-25"},{"blocks":150,"transactions":323975,"date":"2020-11-26"},{"blocks":154,"transactions":322445,"date":"2020-11-27"},{"blocks":154,"transactions":293949,"date":"2020-11-28"},{"blocks":150,"transactions":263573,"date":"2020-11-29"},{"blocks":113,"transactions":256551,"date":"2020-11-30"},{"blocks":152,"transactions":378068,"date":"2020-12-01"},{"blocks":131,"transactions":327019,"date":"2020-12-02"},{"blocks":157,"transactions":346921,"date":"2020-12-03"},{"blocks":144,"transactions":318894,"date":"2020-12-04"},{"blocks":144,"transactions":282599,"date":"2020-12-05"},{"blocks":136,"transactions":258624,"date":"2020-12-06"},{"blocks":150,"transactions":300906,"date":"2020-12-07"},{"blocks":144,"transactions":330970,"date":"2020-12-08"},{"blocks":139,"transactions":321079,"date":"2020-12-09"},{"blocks":130,"transactions":313649,"date":"2020-12-10"},{"blocks":138,"transactions":304735,"date":"2020-12-11"},{"blocks":132,"transactions":295410,"date":"2020-12-12"},{"blocks":156,"transactions":276160,"date":"2020-12-13"},{"blocks":145,"transactions":314350,"date":"2020-12-14"},{"blocks":140,"transactions":320440,"date":"2020-12-15"},{"blocks":143,"transactions":315217,"date":"2020-12-16"},{"blocks":129,"transactions":309481,"date":"2020-12-17"},{"blocks":157,"transactions":375549,"date":"2020-12-18"},{"blocks":158,"transactions":343536,"date":"2020-12-19"},{"blocks":151,"transactions":282043,"date":"2020-12-20"},{"blocks":136,"transactions":269834,"date":"2020-12-21"},{"blocks":143,"transactions":324163,"date":"2020-12-22"},{"blocks":154,"transactions":338463,"date":"2020-12-23"},{"blocks":126,"transactions":269559,"date":"2020-12-24"},{"blocks":144,"transactions":303901,"date":"2020-12-25"},{"blocks":137,"transactions":273954,"date":"2020-12-26"},{"blocks":148,"transactions":309005,"date":"2020-12-27"},{"blocks":160,"transactions":308983,"date":"2020-12-28"},{"blocks":152,"transactions":336311,"date":"2020-12-29"},{"blocks":172,"transactions":338258,"date":"2020-12-30"},{"blocks":166,"transactions":344918,"date":"2020-12-31"},{"blocks":149,"transactions":258080,"date":"2021-01-01"},{"blocks":151,"transactions":297111,"date":"2021-01-02"},{"blocks":158,"transactions":359116,"date":"2021-01-03"},{"blocks":173,"transactions":373734,"date":"2021-01-04"},{"blocks":157,"transactions":354091,"date":"2021-01-05"},{"blocks":177,"transactions":397384,"date":"2021-01-06"},{"blocks":168,"transactions":401744,"date":"2021-01-07"},{"blocks":148,"transactions":358526,"date":"2021-01-08"},{"blocks":139,"transactions":321389,"date":"2021-01-09"},{"blocks":159,"transactions":331865,"date":"2021-01-10"},{"blocks":154,"transactions":333958,"date":"2021-01-11"},{"blocks":148,"transactions":336627,"date":"2021-01-12"},{"blocks":152,"transactions":319167,"date":"2021-01-13"},{"blocks":147,"transactions":338809,"date":"2021-01-14"},{"blocks":155,"transactions":344002,"date":"2021-01-15"},{"blocks":147,"transactions":308461,"date":"2021-01-16"},{"blocks":133,"transactions":271874,"date":"2021-01-17"},{"blocks":145,"transactions":313816,"date":"2021-01-18"},{"blocks":149,"transactions":325083,"date":"2021-01-19"},{"blocks":141,"transactions":314809,"date":"2021-01-20"},{"blocks":129,"transactions":290754,"date":"2021-01-21"},{"blocks":141,"transactions":323868,"date":"2021-01-22"},{"blocks":156,"transactions":308276,"date":"2021-01-23"},{"blocks":139,"transactions":253971,"date":"2021-01-24"},{"blocks":140,"transactions":309102,"date":"2021-01-25"},{"blocks":161,"transactions":336935,"date":"2021-01-26"},{"blocks":142,"transactions":323553,"date":"2021-01-27"},{"blocks":145,"transactions":325146,"date":"2021-01-28"},{"blocks":152,"transactions":341036,"date":"2021-01-29"},{"blocks":136,"transactions":312313,"date":"2021-01-30"},{"blocks":144,"transactions":290753,"date":"2021-01-31"},{"blocks":119,"transactions":277579,"date":"2021-02-01"},{"blocks":153,"transactions":367835,"date":"2021-02-02"},{"blocks":150,"transactions":344425,"date":"2021-02-03"},{"blocks":160,"transactions":367788,"date":"2021-02-04"},{"blocks":169,"transactions":360541,"date":"2021-02-05"},{"blocks":159,"transactions":333886,"date":"2021-02-06"},{"blocks":156,"transactions":286364,"date":"2021-02-07"},{"blocks":162,"transactions":335223,"date":"2021-02-08"},{"blocks":143,"transactions":360137,"date":"2021-02-09"},{"blocks":143,"transactions":340758,"date":"2021-02-10"},{"blocks":129,"transactions":304739,"date":"2021-02-11"},{"blocks":142,"transactions":343306,"date":"2021-02-12"},{"blocks":157,"transactions":336624,"date":"2021-02-13"},{"blocks":148,"transactions":295428,"date":"2021-02-14"},{"blocks":152,"transactions":311322,"date":"2021-02-15"},{"blocks":121,"transactions":296388,"date":"2021-02-16"},{"blocks":138,"transactions":317666,"date":"2021-02-17"},{"blocks":137,"transactions":316952,"date":"2021-02-18"},{"blocks":153,"transactions":341586,"date":"2021-02-19"},{"blocks":146,"transactions":320475,"date":"2021-02-20"},{"blocks":141,"transactions":271645,"date":"2021-02-21"},{"blocks":133,"transactions":285383,"date":"2021-02-22"},{"blocks":127,"transactions":287884,"date":"2021-02-23"},{"blocks":159,"transactions":358092,"date":"2021-02-24"},{"blocks":156,"transactions":326116,"date":"2021-02-25"},{"blocks":139,"transactions":306416,"date":"2021-02-26"},{"blocks":157,"transactions":320784,"date":"2021-02-27"},{"blocks":131,"transactions":254316,"date":"2021-02-28"},{"blocks":130,"transactions":280485,"date":"2021-03-01"},{"blocks":143,"transactions":338150,"date":"2021-03-02"},{"blocks":152,"transactions":333402,"date":"2021-03-03"},{"blocks":128,"transactions":289631,"date":"2021-03-04"},{"blocks":149,"transactions":317780,"date":"2021-03-05"},{"blocks":152,"transactions":287963,"date":"2021-03-06"},{"blocks":146,"transactions":260739,"date":"2021-03-07"},{"blocks":155,"transactions":291955,"date":"2021-03-08"},{"blocks":140,"transactions":299682,"date":"2021-03-09"},{"blocks":149,"transactions":344688,"date":"2021-03-10"},{"blocks":132,"transactions":291245,"date":"2021-03-11"},{"blocks":150,"transactions":320744,"date":"2021-03-12"},{"blocks":143,"transactions":277072,"date":"2021-03-13"},{"blocks":157,"transactions":308050,"date":"2021-03-14"},{"blocks":148,"transactions":292231,"date":"2021-03-15"},{"blocks":149,"transactions":319493,"date":"2021-03-16"},{"blocks":136,"transactions":296119,"date":"2021-03-17"},{"blocks":152,"transactions":331718,"date":"2021-03-18"},{"blocks":148,"transactions":316180,"date":"2021-03-19"},{"blocks":154,"transactions":286948,"date":"2021-03-20"},{"blocks":156,"transactions":234936,"date":"2021-03-21"},{"blocks":151,"transactions":297410,"date":"2021-03-22"},{"blocks":161,"transactions":314234,"date":"2021-03-23"},{"blocks":152,"transactions":305093,"date":"2021-03-24"},{"blocks":154,"transactions":318562,"date":"2021-03-25"},{"blocks":136,"transactions":293610,"date":"2021-03-26"},{"blocks":159,"transactions":288259,"date":"2021-03-27"},{"blocks":159,"transactions":248605,"date":"2021-03-28"},{"blocks":151,"transactions":303305,"date":"2021-03-29"},{"blocks":146,"transactions":321090,"date":"2021-03-30"},{"blocks":157,"transactions":332749,"date":"2021-03-31"},{"blocks":145,"transactions":311939,"date":"2021-04-01"},{"blocks":140,"transactions":305788,"date":"2021-04-02"},{"blocks":131,"transactions":281717,"date":"2021-04-03"},{"blocks":146,"transactions":246007,"date":"2021-04-04"},{"blocks":156,"transactions":289046,"date":"2021-04-05"},{"blocks":144,"transactions":309565,"date":"2021-04-06"},{"blocks":157,"transactions":321319,"date":"2021-04-07"},{"blocks":134,"transactions":278534,"date":"2021-04-08"},{"blocks":152,"transactions":324720,"date":"2021-04-09"},{"blocks":157,"transactions":299086,"date":"2021-04-10"},{"blocks":145,"transactions":253449,"date":"2021-04-11"},{"blocks":144,"transactions":291369,"date":"2021-04-12"},{"blocks":142,"transactions":310213,"date":"2021-04-13"},{"blocks":135,"transactions":297494,"date":"2021-04-14"},{"blocks":172,"transactions":359440,"date":"2021-04-15"},{"blocks":103,"transactions":219704,"date":"2021-04-16"},{"blocks":91,"transactions":194580,"date":"2021-04-17"},{"blocks":124,"transactions":274735,"date":"2021-04-18"},{"blocks":97,"transactions":208413,"date":"2021-04-19"},{"blocks":128,"transactions":279977,"date":"2021-04-20"},{"blocks":101,"transactions":226021,"date":"2021-04-21"},{"blocks":143,"transactions":274610,"date":"2021-04-22"},{"blocks":135,"transactions":295731,"date":"2021-04-23"},{"blocks":145,"transactions":290690,"date":"2021-04-24"},{"blocks":141,"transactions":241041,"date":"2021-04-25"},{"blocks":114,"transactions":240687,"date":"2021-04-26"},{"blocks":142,"transactions":298109,"date":"2021-04-27"},{"blocks":142,"transactions":277126,"date":"2021-04-28"},{"blocks":122,"transactions":259465,"date":"2021-04-29"},{"blocks":145,"transactions":289389,"date":"2021-04-30"},{"blocks":139,"transactions":262991,"date":"2021-05-01"},{"blocks":185,"transactions":235214,"date":"2021-05-02"},{"blocks":177,"transactions":287007,"date":"2021-05-03"},{"blocks":181,"transactions":300824,"date":"2021-05-04"},{"blocks":157,"transactions":309774,"date":"2021-05-05"},{"blocks":170,"transactions":311380,"date":"2021-05-06"},{"blocks":172,"transactions":307988,"date":"2021-05-07"},{"blocks":171,"transactions":274691,"date":"2021-05-08"},{"blocks":186,"transactions":247866,"date":"2021-05-09"},{"blocks":180,"transactions":303297,"date":"2021-05-10"},{"blocks":172,"transactions":312115,"date":"2021-05-11"},{"blocks":172,"transactions":300452,"date":"2021-05-12"},{"blocks":161,"transactions":276472,"date":"2021-05-13"},{"blocks":134,"transactions":266055,"date":"2021-05-14"},{"blocks":123,"transactions":232099,"date":"2021-05-15"},{"blocks":132,"transactions":219435,"date":"2021-05-16"},{"blocks":121,"transactions":250910,"date":"2021-05-17"},{"blocks":100,"transactions":221018,"date":"2021-05-18"},{"blocks":125,"transactions":263419,"date":"2021-05-19"},{"blocks":112,"transactions":228039,"date":"2021-05-20"},{"blocks":110,"transactions":226351,"date":"2021-05-21"},{"blocks":116,"transactions":223800,"date":"2021-05-22"},{"blocks":119,"transactions":194320,"date":"2021-05-23"},{"blocks":126,"transactions":234755,"date":"2021-05-24"},{"blocks":123,"transactions":233644,"date":"2021-05-25"},{"blocks":122,"transactions":230753,"date":"2021-05-26"},{"blocks":117,"transactions":214035,"date":"2021-05-27"},{"blocks":119,"transactions":218311,"date":"2021-05-28"},{"blocks":116,"transactions":198332,"date":"2021-05-29"},{"blocks":144,"transactions":179795,"date":"2021-05-30"},{"blocks":141,"transactions":226469,"date":"2021-05-31"},{"blocks":142,"transactions":234561,"date":"2021-06-01"},{"blocks":166,"transactions":250589,"date":"2021-06-02"},{"blocks":147,"transactions":255621,"date":"2021-06-03"},{"blocks":131,"transactions":236672,"date":"2021-06-04"},{"blocks":131,"transactions":194580,"date":"2021-06-05"},{"blocks":150,"transactions":185305,"date":"2021-06-06"},{"blocks":133,"transactions":235479,"date":"2021-06-07"},{"blocks":149,"transactions":246906,"date":"2021-06-08"},{"blocks":126,"transactions":210911,"date":"2021-06-09"},{"blocks":118,"transactions":252983,"date":"2021-06-10"},{"blocks":105,"transactions":216502,"date":"2021-06-11"},{"blocks":132,"transactions":222774,"date":"2021-06-12"},{"blocks":132,"transactions":187098,"date":"2021-06-13"},{"blocks":135,"transactions":242416,"date":"2021-06-14"},{"blocks":131,"transactions":241861,"date":"2021-06-15"},{"blocks":123,"transactions":252937,"date":"2021-06-16"},{"blocks":130,"transactions":237725,"date":"2021-06-17"},{"blocks":124,"transactions":222918,"date":"2021-06-18"},{"blocks":103,"transactions":187042,"date":"2021-06-19"},{"blocks":105,"transactions":167249,"date":"2021-06-20"},{"blocks":105,"transactions":205050,"date":"2021-06-21"},{"blocks":91,"transactions":196523,"date":"2021-06-22"},{"blocks":101,"transactions":232704,"date":"2021-06-23"},{"blocks":105,"transactions":233278,"date":"2021-06-24"},{"blocks":110,"transactions":218245,"date":"2021-06-25"},{"blocks":89,"transactions":181628,"date":"2021-06-26"},{"blocks":58,"transactions":121538,"date":"2021-06-27"},{"blocks":88,"transactions":221000,"date":"2021-06-28"},{"blocks":90,"transactions":205616,"date":"2021-06-29"},{"blocks":88,"transactions":215304,"date":"2021-06-30"},{"blocks":96,"transactions":233683,"date":"2021-07-01"},{"blocks":90,"transactions":188568,"date":"2021-07-02"},{"blocks":127,"transactions":237463,"date":"2021-07-03"},{"blocks":115,"transactions":171850,"date":"2021-07-04"},{"blocks":132,"transactions":223760,"date":"2021-07-05"},{"blocks":142,"transactions":228279,"date":"2021-07-06"},{"blocks":123,"transactions":221227,"date":"2021-07-07"},{"blocks":139,"transactions":230719,"date":"2021-07-08"},{"blocks":131,"transactions":227511,"date":"2021-07-09"},{"blocks":161,"transactions":187263,"date":"2021-07-10"},{"blocks":125,"transactions":166144,"date":"2021-07-11"},{"blocks":126,"transactions":220269,"date":"2021-07-12"},{"blocks":136,"transactions":229916,"date":"2021-07-13"},{"blocks":170,"transactions":236217,"date":"2021-07-14"},{"blocks":128,"transactions":226234,"date":"2021-07-15"},{"blocks":150,"transactions":223466,"date":"2021-07-16"},{"blocks":143,"transactions":182047,"date":"2021-07-17"},{"blocks":144,"transactions":161122,"date":"2021-07-18"},{"blocks":170,"transactions":226803,"date":"2021-07-19"},{"blocks":122,"transactions":230509,"date":"2021-07-20"},{"blocks":145,"transactions":235680,"date":"2021-07-21"},{"blocks":153,"transactions":230282,"date":"2021-07-22"},{"blocks":135,"transactions":231130,"date":"2021-07-23"},{"blocks":154,"transactions":198091,"date":"2021-07-24"},{"blocks":153,"transactions":174535,"date":"2021-07-25"},{"blocks":150,"transactions":261950,"date":"2021-07-26"},{"blocks":170,"transactions":255221,"date":"2021-07-27"},{"blocks":157,"transactions":251223,"date":"2021-07-28"},{"blocks":160,"transactions":262612,"date":"2021-07-29"},{"blocks":166,"transactions":255417,"date":"2021-07-30"},{"blocks":158,"transactions":207348,"date":"2021-07-31"},{"blocks":154,"transactions":185157,"date":"2021-08-01"},{"blocks":143,"transactions":239277,"date":"2021-08-02"},{"blocks":169,"transactions":246198,"date":"2021-08-03"},{"blocks":136,"transactions":239596,"date":"2021-08-04"},{"blocks":160,"transactions":246175,"date":"2021-08-05"},{"blocks":159,"transactions":260810,"date":"2021-08-06"},{"blocks":167,"transactions":212229,"date":"2021-08-07"},{"blocks":158,"transactions":191623,"date":"2021-08-08"},{"blocks":152,"transactions":252660,"date":"2021-08-09"},{"blocks":165,"transactions":260968,"date":"2021-08-10"},{"blocks":147,"transactions":262437,"date":"2021-08-11"},{"blocks":151,"transactions":250961,"date":"2021-08-12"},{"blocks":142,"transactions":260624,"date":"2021-08-13"},{"blocks":164,"transactions":209074,"date":"2021-08-14"},{"blocks":182,"transactions":186239,"date":"2021-08-15"},{"blocks":161,"transactions":263529,"date":"2021-08-16"},{"blocks":172,"transactions":257766,"date":"2021-08-17"},{"blocks":135,"transactions":247333,"date":"2021-08-18"},{"blocks":154,"transactions":253447,"date":"2021-08-19"},{"blocks":160,"transactions":271837,"date":"2021-08-20"},{"blocks":170,"transactions":219407,"date":"2021-08-21"},{"blocks":164,"transactions":190631,"date":"2021-08-22"},{"blocks":197,"transactions":270736,"date":"2021-08-23"},{"blocks":154,"transactions":263984,"date":"2021-08-24"},{"blocks":160,"transactions":263009,"date":"2021-08-25"},{"blocks":146,"transactions":258590,"date":"2021-08-26"},{"blocks":146,"transactions":256813,"date":"2021-08-27"},{"blocks":141,"transactions":218268,"date":"2021-08-28"},{"blocks":156,"transactions":191650,"date":"2021-08-29"},{"blocks":135,"transactions":250955,"date":"2021-08-30"},{"blocks":144,"transactions":271163,"date":"2021-08-31"},{"blocks":137,"transactions":280865,"date":"2021-09-01"},{"blocks":149,"transactions":289900,"date":"2021-09-02"},{"blocks":148,"transactions":283991,"date":"2021-09-03"},{"blocks":155,"transactions":227732,"date":"2021-09-04"},{"blocks":164,"transactions":205066,"date":"2021-09-05"},{"blocks":172,"transactions":268877,"date":"2021-09-06"},{"blocks":153,"transactions":276624,"date":"2021-09-07"},{"blocks":142,"transactions":270483,"date":"2021-09-08"},{"blocks":137,"transactions":274384,"date":"2021-09-09"},{"blocks":136,"transactions":261371,"date":"2021-09-10"},{"blocks":148,"transactions":218445,"date":"2021-09-11"},{"blocks":147,"transactions":192691,"date":"2021-09-12"},{"blocks":159,"transactions":255970,"date":"2021-09-13"},{"blocks":168,"transactions":268127,"date":"2021-09-14"},{"blocks":142,"transactions":268957,"date":"2021-09-15"},{"blocks":136,"transactions":271223,"date":"2021-09-16"},{"blocks":147,"transactions":271040,"date":"2021-09-17"},{"blocks":155,"transactions":227661,"date":"2021-09-18"},{"blocks":160,"transactions":200516,"date":"2021-09-19"},{"blocks":164,"transactions":270233,"date":"2021-09-20"},{"blocks":123,"transactions":244568,"date":"2021-09-21"},{"blocks":134,"transactions":275235,"date":"2021-09-22"},{"blocks":165,"transactions":268689,"date":"2021-09-23"},{"blocks":148,"transactions":277565,"date":"2021-09-24"},{"blocks":144,"transactions":212575,"date":"2021-09-25"},{"blocks":139,"transactions":195560,"date":"2021-09-26"},{"blocks":155,"transactions":255873,"date":"2021-09-27"},{"blocks":152,"transactions":262292,"date":"2021-09-28"},{"blocks":130,"transactions":241991,"date":"2021-09-29"},{"blocks":171,"transactions":293074,"date":"2021-09-30"},{"blocks":140,"transactions":277042,"date":"2021-10-01"},{"blocks":188,"transactions":259961,"date":"2021-10-02"},{"blocks":150,"transactions":218112,"date":"2021-10-03"},{"blocks":156,"transactions":268955,"date":"2021-10-04"},{"blocks":164,"transactions":312538,"date":"2021-10-05"},{"blocks":131,"transactions":267749,"date":"2021-10-06"},{"blocks":141,"transactions":325875,"date":"2021-10-07"},{"blocks":120,"transactions":280028,"date":"2021-10-08"},{"blocks":150,"transactions":246189,"date":"2021-10-09"},{"blocks":159,"transactions":211506,"date":"2021-10-10"},{"blocks":146,"transactions":280184,"date":"2021-10-11"},{"blocks":134,"transactions":274155,"date":"2021-10-12"},{"blocks":169,"transactions":288916,"date":"2021-10-13"},{"blocks":137,"transactions":282383,"date":"2021-10-14"},{"blocks":141,"transactions":297746,"date":"2021-10-15"},{"blocks":133,"transactions":270052,"date":"2021-10-16"},{"blocks":160,"transactions":215883,"date":"2021-10-17"},{"blocks":148,"transactions":285368,"date":"2021-10-18"},{"blocks":155,"transactions":312018,"date":"2021-10-19"},{"blocks":149,"transactions":291813,"date":"2021-10-20"},{"blocks":148,"transactions":320743,"date":"2021-10-21"},{"blocks":158,"transactions":287550,"date":"2021-10-22"},{"blocks":145,"transactions":223941,"date":"2021-10-23"},{"blocks":153,"transactions":211220,"date":"2021-10-24"},{"blocks":182,"transactions":284680,"date":"2021-10-25"},{"blocks":150,"transactions":294029,"date":"2021-10-26"},{"blocks":157,"transactions":292114,"date":"2021-10-27"},{"blocks":153,"transactions":295558,"date":"2021-10-28"},{"blocks":171,"transactions":305733,"date":"2021-10-29"},{"blocks":155,"transactions":252061,"date":"2021-10-30"},{"blocks":139,"transactions":217435,"date":"2021-10-31"},{"blocks":148,"transactions":293282,"date":"2021-11-01"},{"blocks":158,"transactions":297402,"date":"2021-11-02"},{"blocks":161,"transactions":288746,"date":"2021-11-03"},{"blocks":143,"transactions":289141,"date":"2021-11-04"},{"blocks":155,"transactions":285946,"date":"2021-11-05"},{"blocks":154,"transactions":236233,"date":"2021-11-06"},{"blocks":153,"transactions":226128,"date":"2021-11-07"},{"blocks":135,"transactions":285806,"date":"2021-11-08"},{"blocks":152,"transactions":335411,"date":"2021-11-09"},{"blocks":149,"transactions":301025,"date":"2021-11-10"},{"blocks":158,"transactions":293665,"date":"2021-11-11"},{"blocks":142,"transactions":282049,"date":"2021-11-12"},{"blocks":153,"transactions":238634,"date":"2021-11-13"},{"blocks":157,"transactions":224016,"date":"2021-11-14"},{"blocks":151,"transactions":288435,"date":"2021-11-15"},{"blocks":150,"transactions":301103,"date":"2021-11-16"},{"blocks":149,"transactions":290390,"date":"2021-11-17"},{"blocks":144,"transactions":293867,"date":"2021-11-18"},{"blocks":137,"transactions":284719,"date":"2021-11-19"},{"blocks":145,"transactions":249652,"date":"2021-11-20"},{"blocks":132,"transactions":222949,"date":"2021-11-21"},{"blocks":141,"transactions":279165,"date":"2021-11-22"},{"blocks":132,"transactions":283401,"date":"2021-11-23"},{"blocks":157,"transactions":298909,"date":"2021-11-24"},{"blocks":130,"transactions":287496,"date":"2021-11-25"},{"blocks":132,"transactions":292645,"date":"2021-11-26"},{"blocks":143,"transactions":240759,"date":"2021-11-27"},{"blocks":139,"transactions":213768,"date":"2021-11-28"}]