[{"date":"2020-01-27","death_count":82},{"date":"2020-01-28","death_count":131},{"date":"2020-01-29","death_count":133},{"date":"2020-01-30","death_count":171},{"date":"2020-01-31","death_count":213},{"date":"2020-02-01","death_count":259},{"date":"2020-02-02","death_count":362},{"date":"2020-02-03","death_count":426},{"date":"2020-02-04","death_count":492},{"date":"2020-02-05","death_count":564},{"date":"2020-02-06","death_count":634},{"date":"2020-02-07","death_count":719},{"date":"2020-02-08","death_count":806},{"date":"2020-02-09","death_count":906},{"date":"2020-02-10","death_count":1013},{"date":"2020-02-11","death_count":1113},{"date":"2020-02-12","death_count":1118},{"date":"2020-02-13","death_count":1371},{"date":"2020-02-14","death_count":1523},{"date":"2020-02-15","death_count":1666},{"date":"2020-02-16","death_count":1770},{"date":"2020-02-17","death_count":1868},{"date":"2020-02-18","death_count":2008},{"date":"2020-02-19","death_count":2123},{"date":"2020-02-20","death_count":2248},{"date":"2020-02-21","death_count":2252},{"date":"2020-02-22","death_count":2459},{"date":"2020-02-23","death_count":2470},{"date":"2020-02-24","death_count":2630},{"date":"2020-02-25","death_count":2710},{"date":"2020-02-26","death_count":2771},{"date":"2020-02-27","death_count":2814},{"date":"2020-02-28","death_count":2873},{"date":"2020-02-29","death_count":2943},{"date":"2020-03-01","death_count":2997},{"date":"2020-03-02","death_count":3086},{"date":"2020-03-03","death_count":3160},{"date":"2020-03-04","death_count":3255},{"date":"2020-03-05","death_count":3348},{"date":"2020-03-06","death_count":3461},{"date":"2020-03-07","death_count":3565},{"date":"2020-03-08","death_count":3805},{"date":"2020-03-09","death_count":3995},{"date":"2020-03-10","death_count":4271},{"date":"2020-03-11","death_count":4616},{"date":"2020-03-12","death_count":4925},{"date":"2020-03-13","death_count":5417},{"date":"2020-03-14","death_count":5838},{"date":"2020-03-15","death_count":6488},{"date":"2020-03-16","death_count":7175},{"date":"2020-03-17","death_count":7991},{"date":"2020-03-18","death_count":8909},{"date":"2020-03-19","death_count":10025},{"date":"2020-03-20","death_count":11520},{"date":"2020-03-21","death_count":13243},{"date":"2020-03-22","death_count":14927},{"date":"2020-03-23","death_count":16885},{"date":"2020-03-24","death_count":19195},{"date":"2020-03-25","death_count":22019},{"date":"2020-03-26","death_count":25059},{"date":"2020-03-27","death_count":28544},{"date":"2020-03-28","death_count":32380},{"date":"2020-03-29","death_count":35857},{"date":"2020-03-30","death_count":39938},{"date":"2020-03-31","death_count":44670},{"date":"2020-04-01","death_count":50684},{"date":"2020-04-02","death_count":56576},{"date":"2020-04-03","death_count":62754},{"date":"2020-04-04","death_count":68734},{"date":"2020-04-05","death_count":73977},{"date":"2020-04-06","death_count":79912},{"date":"2020-04-07","death_count":88223},{"date":"2020-04-08","death_count":95052},{"date":"2020-04-09","death_count":102920},{"date":"2020-04-10","death_count":110337},{"date":"2020-04-11","death_count":116623},{"date":"2020-04-12","death_count":122563},{"date":"2020-04-13","death_count":128582},{"date":"2020-04-14","death_count":135687},{"date":"2020-04-15","death_count":144231},{"date":"2020-04-16","death_count":151650},{"date":"2020-04-17","death_count":160151},{"date":"2020-04-18","death_count":166353},{"date":"2020-04-19","death_count":171704},{"date":"2020-04-20","death_count":177752},{"date":"2020-04-21","death_count":185154},{"date":"2020-04-22","death_count":192181},{"date":"2020-04-23","death_count":199179},{"date":"2020-04-24","death_count":206093},{"date":"2020-04-25","death_count":211977},{"date":"2020-04-26","death_count":216230},{"date":"2020-04-27","death_count":221160},{"date":"2020-04-28","death_count":227995},{"date":"2020-04-29","death_count":234942},{"date":"2020-04-30","death_count":240996},{"date":"2020-05-01","death_count":246467},{"date":"2020-05-02","death_count":252311},{"date":"2020-05-03","death_count":256158},{"date":"2020-05-04","death_count":260710},{"date":"2020-05-05","death_count":266837},{"date":"2020-05-06","death_count":273722},{"date":"2020-05-07","death_count":279419},{"date":"2020-05-08","death_count":285347},{"date":"2020-05-09","death_count":289933},{"date":"2020-05-10","death_count":293974},{"date":"2020-05-11","death_count":297890},{"date":"2020-05-12","death_count":303770},{"date":"2020-05-13","death_count":309256},{"date":"2020-05-14","death_count":314838},{"date":"2020-05-15","death_count":320474},{"date":"2020-05-16","death_count":325024},{"date":"2020-05-17","death_count":328598},{"date":"2020-05-18","death_count":332747},{"date":"2020-05-19","death_count":337874},{"date":"2020-05-20","death_count":343067},{"date":"2020-05-21","death_count":348152},{"date":"2020-05-22","death_count":353809},{"date":"2020-05-23","death_count":358105},{"date":"2020-05-24","death_count":361589},{"date":"2020-05-25","death_count":363203},{"date":"2020-05-26","death_count":367844},{"date":"2020-05-27","death_count":373262},{"date":"2020-05-28","death_count":378273},{"date":"2020-05-29","death_count":383420},{"date":"2020-05-30","death_count":387798},{"date":"2020-05-31","death_count":390953},{"date":"2020-06-01","death_count":394468},{"date":"2020-06-02","death_count":399670},{"date":"2020-06-03","death_count":405514},{"date":"2020-06-04","death_count":410948},{"date":"2020-06-05","death_count":416001},{"date":"2020-06-06","death_count":420215},{"date":"2020-06-07","death_count":423398},{"date":"2020-06-08","death_count":427565},{"date":"2020-06-09","death_count":432765},{"date":"2020-06-10","death_count":438246},{"date":"2020-06-11","death_count":443301},{"date":"2020-06-12","death_count":448108},{"date":"2020-06-13","death_count":452550},{"date":"2020-06-14","death_count":456196},{"date":"2020-06-15","death_count":460034},{"date":"2020-06-16","death_count":467130},{"date":"2020-06-17","death_count":472704},{"date":"2020-06-18","death_count":478025},{"date":"2020-06-19","death_count":484407},{"date":"2020-06-20","death_count":488915},{"date":"2020-06-21","death_count":493534},{"date":"2020-06-22","death_count":497252},{"date":"2020-06-23","death_count":502810},{"date":"2020-06-24","death_count":508369},{"date":"2020-06-25","death_count":513422},{"date":"2020-06-26","death_count":518498},{"date":"2020-06-27","death_count":523270},{"date":"2020-06-28","death_count":526801},{"date":"2020-06-29","death_count":530799},{"date":"2020-06-30","death_count":536001},{"date":"2020-07-01","death_count":541325},{"date":"2020-07-02","death_count":546794},{"date":"2020-07-03","death_count":552109},{"date":"2020-07-04","death_count":556907},{"date":"2020-07-05","death_count":560749},{"date":"2020-07-06","death_count":564898},{"date":"2020-07-07","death_count":571230},{"date":"2020-07-08","death_count":576913},{"date":"2020-07-09","death_count":582712},{"date":"2020-07-10","death_count":588378},{"date":"2020-07-11","death_count":593620},{"date":"2020-07-12","death_count":597922},{"date":"2020-07-13","death_count":602203},{"date":"2020-07-14","death_count":608196},{"date":"2020-07-15","death_count":614055},{"date":"2020-07-16","death_count":620242},{"date":"2020-07-17","death_count":627280},{"date":"2020-07-18","death_count":633857},{"date":"2020-07-19","death_count":638758},{"date":"2020-07-20","death_count":642544},{"date":"2020-07-21","death_count":648953},{"date":"2020-07-22","death_count":656310},{"date":"2020-07-23","death_count":662950},{"date":"2020-07-24","death_count":669398},{"date":"2020-07-25","death_count":675584},{"date":"2020-07-26","death_count":679914},{"date":"2020-07-27","death_count":685120},{"date":"2020-07-28","death_count":691735},{"date":"2020-07-29","death_count":698780},{"date":"2020-07-30","death_count":705459},{"date":"2020-07-31","death_count":711989},{"date":"2020-08-01","death_count":718142},{"date":"2020-08-02","death_count":722817},{"date":"2020-08-03","death_count":727571},{"date":"2020-08-04","death_count":734543},{"date":"2020-08-05","death_count":742000},{"date":"2020-08-06","death_count":748831},{"date":"2020-08-07","death_count":755567},{"date":"2020-08-08","death_count":761657},{"date":"2020-08-09","death_count":766831},{"date":"2020-08-10","death_count":772110},{"date":"2020-08-11","death_count":778805},{"date":"2020-08-12","death_count":785760},{"date":"2020-08-13","death_count":792573},{"date":"2020-08-14","death_count":799206},{"date":"2020-08-15","death_count":805210},{"date":"2020-08-16","death_count":810028},{"date":"2020-08-17","death_count":814531},{"date":"2020-08-18","death_count":821583},{"date":"2020-08-19","death_count":828639},{"date":"2020-08-20","death_count":835054},{"date":"2020-08-21","death_count":840800},{"date":"2020-08-22","death_count":846676},{"date":"2020-08-23","death_count":851024},{"date":"2020-08-24","death_count":855703},{"date":"2020-08-25","death_count":862346},{"date":"2020-08-26","death_count":868917},{"date":"2020-08-27","death_count":875139},{"date":"2020-08-28","death_count":880977},{"date":"2020-08-29","death_count":886660},{"date":"2020-08-30","death_count":891088},{"date":"2020-08-31","death_count":895421},{"date":"2020-09-01","death_count":902083},{"date":"2020-09-02","death_count":908351},{"date":"2020-09-03","death_count":914422},{"date":"2020-09-04","death_count":920330},{"date":"2020-09-05","death_count":925545},{"date":"2020-09-06","death_count":929659},{"date":"2020-09-07","death_count":939257},{"date":"2020-09-08","death_count":944373},{"date":"2020-09-09","death_count":950550},{"date":"2020-09-10","death_count":956573},{"date":"2020-09-11","death_count":962601},{"date":"2020-09-12","death_count":967699},{"date":"2020-09-13","death_count":971661},{"date":"2020-09-14","death_count":976177},{"date":"2020-09-15","death_count":982789},{"date":"2020-09-16","death_count":988690},{"date":"2020-09-17","death_count":994296},{"date":"2020-09-18","death_count":1000184},{"date":"2020-09-19","death_count":1005556},{"date":"2020-09-20","death_count":1009535},{"date":"2020-09-21","death_count":1013858},{"date":"2020-09-22","death_count":1020067},{"date":"2020-09-23","death_count":1025684},{"date":"2020-09-24","death_count":1032270},{"date":"2020-09-25","death_count":1038190},{"date":"2020-09-26","death_count":1043770},{"date":"2020-09-27","death_count":1047612},{"date":"2020-09-28","death_count":1051618},{"date":"2020-09-29","death_count":1057721},{"date":"2020-09-30","death_count":1064226},{"date":"2020-10-01","death_count":1073081},{"date":"2020-10-02","death_count":1078109},{"date":"2020-10-03","death_count":1083563},{"date":"2020-10-04","death_count":1087589},{"date":"2020-10-05","death_count":1094590},{"date":"2020-10-06","death_count":1100452},{"date":"2020-10-07","death_count":1106356},{"date":"2020-10-08","death_count":1112712},{"date":"2020-10-09","death_count":1118924},{"date":"2020-10-10","death_count":1123845},{"date":"2020-10-11","death_count":1127977},{"date":"2020-10-12","death_count":1132047},{"date":"2020-10-13","death_count":1137400},{"date":"2020-10-14","death_count":1143603},{"date":"2020-10-15","death_count":1149691},{"date":"2020-10-16","death_count":1156016},{"date":"2020-10-17","death_count":1161753},{"date":"2020-10-18","death_count":1165383},{"date":"2020-10-19","death_count":1170292},{"date":"2020-10-20","death_count":1176942},{"date":"2020-10-21","death_count":1183799},{"date":"2020-10-22","death_count":1189714},{"date":"2020-10-23","death_count":1196779},{"date":"2020-10-24","death_count":1202682},{"date":"2020-10-25","death_count":1206941},{"date":"2020-10-26","death_count":1212530},{"date":"2020-10-27","death_count":1220012},{"date":"2020-10-28","death_count":1227223},{"date":"2020-10-29","death_count":1234388},{"date":"2020-10-30","death_count":1242016},{"date":"2020-10-31","death_count":1248726},{"date":"2020-11-01","death_count":1253847},{"date":"2020-11-02","death_count":1260032},{"date":"2020-11-03","death_count":1269470},{"date":"2020-11-04","death_count":1279621},{"date":"2020-11-05","death_count":1287726},{"date":"2020-11-06","death_count":1297465},{"date":"2020-11-07","death_count":1305174},{"date":"2020-11-08","death_count":1311207},{"date":"2020-11-09","death_count":1318426},{"date":"2020-11-10","death_count":1328463},{"date":"2020-11-11","death_count":1338978},{"date":"2020-11-12","death_count":1348746},{"date":"2020-11-13","death_count":1358385},{"date":"2020-11-14","death_count":1367624},{"date":"2020-11-15","death_count":1374220},{"date":"2020-11-16","death_count":1382114},{"date":"2020-11-17","death_count":1393203},{"date":"2020-11-18","death_count":1404651},{"date":"2020-11-19","death_count":1415765},{"date":"2020-11-20","death_count":1427564},{"date":"2020-11-21","death_count":1436604},{"date":"2020-11-22","death_count":1444041},{"date":"2020-11-23","death_count":1452518},{"date":"2020-11-24","death_count":1465246},{"date":"2020-11-25","death_count":1477391},{"date":"2020-11-26","death_count":1488384},{"date":"2020-11-27","death_count":1499792},{"date":"2020-11-28","death_count":1509082},{"date":"2020-11-29","death_count":1516414},{"date":"2020-11-30","death_count":1525280},{"date":"2020-12-01","death_count":1538015},{"date":"2020-12-02","death_count":1550697},{"date":"2020-12-03","death_count":1563270},{"date":"2020-12-04","death_count":1575729},{"date":"2020-12-05","death_count":1586073},{"date":"2020-12-06","death_count":1593755},{"date":"2020-12-07","death_count":1602417},{"date":"2020-12-08","death_count":1614743},{"date":"2020-12-09","death_count":1627403},{"date":"2020-12-10","death_count":1640067},{"date":"2020-12-11","death_count":1653142},{"date":"2020-12-12","death_count":1663872},{"date":"2020-12-13","death_count":1671644},{"date":"2020-12-14","death_count":1680727},{"date":"2020-12-15","death_count":1694495},{"date":"2020-12-16","death_count":1708355},{"date":"2020-12-17","death_count":1721747},{"date":"2020-12-18","death_count":1734656},{"date":"2020-12-19","death_count":1745652},{"date":"2020-12-20","death_count":1753724},{"date":"2020-12-21","death_count":1763239},{"date":"2020-12-22","death_count":1777417},{"date":"2020-12-23","death_count":1791231},{"date":"2020-12-24","death_count":1803060},{"date":"2020-12-25","death_count":1811768},{"date":"2020-12-26","death_count":1819320},{"date":"2020-12-27","death_count":1827041},{"date":"2020-12-28","death_count":1836611},{"date":"2020-12-29","death_count":1851755},{"date":"2020-12-30","death_count":1867361},{"date":"2020-12-31","death_count":1880668},{"date":"2021-01-01","death_count":1890332},{"date":"2021-01-02","death_count":1898815},{"date":"2021-01-03","death_count":1906416},{"date":"2021-01-04","death_count":1916419},{"date":"2021-01-05","death_count":1931825},{"date":"2021-01-06","death_count":1946930},{"date":"2021-01-07","death_count":1962084},{"date":"2021-01-08","death_count":1977355},{"date":"2021-01-09","death_count":1990333},{"date":"2021-01-10","death_count":1999100},{"date":"2021-01-11","death_count":2009143},{"date":"2021-01-12","death_count":2026274},{"date":"2021-01-13","death_count":2043165},{"date":"2021-01-14","death_count":2058638},{"date":"2021-01-15","death_count":2073701},{"date":"2021-01-16","death_count":2087459},{"date":"2021-01-17","death_count":2096559},{"date":"2021-01-18","death_count":2106276},{"date":"2021-01-19","death_count":2122919},{"date":"2021-01-20","death_count":2140926},{"date":"2021-01-21","death_count":2158034},{"date":"2021-01-22","death_count":2174181},{"date":"2021-01-23","death_count":2188157},{"date":"2021-01-24","death_count":2197359},{"date":"2021-01-25","death_count":2208341},{"date":"2021-01-26","death_count":2225842},{"date":"2021-01-27","death_count":2243170},{"date":"2021-01-28","death_count":2260166},{"date":"2021-01-29","death_count":2275629},{"date":"2021-01-30","death_count":2289269},{"date":"2021-01-31","death_count":2298035},{"date":"2021-02-01","death_count":2308387},{"date":"2021-02-02","death_count":2323773},{"date":"2021-02-03","death_count":2339882},{"date":"2021-02-04","death_count":2352872},{"date":"2021-02-05","death_count":2370052},{"date":"2021-02-06","death_count":2380544},{"date":"2021-02-07","death_count":2388853},{"date":"2021-02-08","death_count":2397550},{"date":"2021-02-09","death_count":2413674},{"date":"2021-02-10","death_count":2427694},{"date":"2021-02-11","death_count":2441378},{"date":"2021-02-12","death_count":2454486},{"date":"2021-02-13","death_count":2464928},{"date":"2021-02-14","death_count":2471623},{"date":"2021-02-15","death_count":2479023},{"date":"2021-02-16","death_count":2490480},{"date":"2021-02-17","death_count":2502404},{"date":"2021-02-18","death_count":2514285},{"date":"2021-02-19","death_count":2525948},{"date":"2021-02-20","death_count":2534915},{"date":"2021-02-21","death_count":2541355},{"date":"2021-02-22","death_count":2548659},{"date":"2021-02-23","death_count":2560363},{"date":"2021-02-24","death_count":2572870},{"date":"2021-02-25","death_count":2583503},{"date":"2021-02-26","death_count":2594298},{"date":"2021-02-27","death_count":2602931},{"date":"2021-02-28","death_count":2609157},{"date":"2021-03-01","death_count":2616813},{"date":"2021-03-02","death_count":2627152},{"date":"2021-03-03","death_count":2638989},{"date":"2021-03-04","death_count":2649290},{"date":"2021-03-05","death_count":2659905},{"date":"2021-03-06","death_count":2668055},{"date":"2021-03-07","death_count":2673942},{"date":"2021-03-08","death_count":2681059},{"date":"2021-03-09","death_count":2691681},{"date":"2021-03-10","death_count":2701816},{"date":"2021-03-11","death_count":2712034},{"date":"2021-03-12","death_count":2722020},{"date":"2021-03-13","death_count":2730455},{"date":"2021-03-14","death_count":2736365},{"date":"2021-03-15","death_count":2743764},{"date":"2021-03-16","death_count":2754397},{"date":"2021-03-17","death_count":2764981},{"date":"2021-03-18","death_count":2775706},{"date":"2021-03-19","death_count":2786685},{"date":"2021-03-20","death_count":2795421},{"date":"2021-03-21","death_count":2803933},{"date":"2021-03-22","death_count":2811758},{"date":"2021-03-23","death_count":2823328},{"date":"2021-03-24","death_count":2833754},{"date":"2021-03-25","death_count":2845396},{"date":"2021-03-26","death_count":2858287},{"date":"2021-03-27","death_count":2868451},{"date":"2021-03-28","death_count":2875735},{"date":"2021-03-29","death_count":2884147},{"date":"2021-03-30","death_count":2896279},{"date":"2021-03-31","death_count":2909112},{"date":"2021-04-01","death_count":2921567},{"date":"2021-04-02","death_count":2932220},{"date":"2021-04-03","death_count":2941569},{"date":"2021-04-04","death_count":2948882},{"date":"2021-04-05","death_count":2956548},{"date":"2021-04-06","death_count":2969160},{"date":"2021-04-07","death_count":2984881},{"date":"2021-04-08","death_count":2999314},{"date":"2021-04-09","death_count":3013566},{"date":"2021-04-10","death_count":3026629},{"date":"2021-04-11","death_count":3035638},{"date":"2021-04-12","death_count":3045480},{"date":"2021-04-13","death_count":3059369},{"date":"2021-04-14","death_count":3073417},{"date":"2021-04-15","death_count":3087082},{"date":"2021-04-16","death_count":3100385},{"date":"2021-04-17","death_count":3112889},{"date":"2021-04-18","death_count":3122129},{"date":"2021-04-19","death_count":3133036},{"date":"2021-04-20","death_count":3147353},{"date":"2021-04-21","death_count":3162293},{"date":"2021-04-22","death_count":3176171},{"date":"2021-04-23","death_count":3191345},{"date":"2021-04-24","death_count":3204619},{"date":"2021-04-25","death_count":3215268},{"date":"2021-04-26","death_count":3226890},{"date":"2021-04-27","death_count":3241884},{"date":"2021-04-28","death_count":3257957},{"date":"2021-04-29","death_count":3273699},{"date":"2021-04-30","death_count":3287773},{"date":"2021-05-01","death_count":3301090},{"date":"2021-05-02","death_count":3311312},{"date":"2021-05-03","death_count":3323037},{"date":"2021-05-04","death_count":3337118},{"date":"2021-05-05","death_count":3352026},{"date":"2021-05-06","death_count":3366692},{"date":"2021-05-07","death_count":3381153},{"date":"2021-05-08","death_count":3394472},{"date":"2021-05-09","death_count":3404930},{"date":"2021-05-10","death_count":3416007},{"date":"2021-05-11","death_count":3430249},{"date":"2021-05-12","death_count":3444126},{"date":"2021-05-13","death_count":3457842},{"date":"2021-05-14","death_count":3470873},{"date":"2021-05-15","death_count":3483129},{"date":"2021-05-16","death_count":3493373},{"date":"2021-05-17","death_count":3504533},{"date":"2021-05-18","death_count":3518743},{"date":"2021-05-19","death_count":3532319},{"date":"2021-05-20","death_count":3545380},{"date":"2021-05-21","death_count":3558409},{"date":"2021-05-22","death_count":3569935},{"date":"2021-05-23","death_count":3579687},{"date":"2021-05-24","death_count":3588734},{"date":"2021-05-25","death_count":3601955},{"date":"2021-05-26","death_count":3614694},{"date":"2021-05-27","death_count":3627701},{"date":"2021-05-28","death_count":3639639},{"date":"2021-05-29","death_count":3650422},{"date":"2021-05-30","death_count":3658720},{"date":"2021-05-31","death_count":3667413},{"date":"2021-06-01","death_count":3682756},{"date":"2021-06-02","death_count":3694663},{"date":"2021-06-03","death_count":3704521},{"date":"2021-06-04","death_count":3715481},{"date":"2021-06-05","death_count":3724862},{"date":"2021-06-06","death_count":3732080},{"date":"2021-06-07","death_count":3740127},{"date":"2021-06-08","death_count":3750496},{"date":"2021-06-09","death_count":3760993},{"date":"2021-06-10","death_count":3776987},{"date":"2021-06-11","death_count":3788797},{"date":"2021-06-12","death_count":3798567},{"date":"2021-06-13","death_count":3807834},{"date":"2021-06-14","death_count":3815697},{"date":"2021-06-15","death_count":3826285},{"date":"2021-06-16","death_count":3836617},{"date":"2021-06-17","death_count":3845916},{"date":"2021-06-18","death_count":3855145},{"date":"2021-06-19","death_count":3863321},{"date":"2021-06-20","death_count":3870047},{"date":"2021-06-21","death_count":3876898},{"date":"2021-06-22","death_count":3885897},{"date":"2021-06-23","death_count":3895430},{"date":"2021-06-24","death_count":3904050},{"date":"2021-06-25","death_count":3913280},{"date":"2021-06-26","death_count":3920831},{"date":"2021-06-27","death_count":3926926},{"date":"2021-06-28","death_count":3933429},{"date":"2021-06-29","death_count":3941557},{"date":"2021-06-30","death_count":3950779},{"date":"2021-07-01","death_count":3959446},{"date":"2021-07-02","death_count":3967726},{"date":"2021-07-03","death_count":3974630},{"date":"2021-07-04","death_count":3981298},{"date":"2021-07-05","death_count":3988587},{"date":"2021-07-06","death_count":3997136},{"date":"2021-07-07","death_count":4005718},{"date":"2021-07-08","death_count":4014560},{"date":"2021-07-09","death_count":4022958},{"date":"2021-07-10","death_count":4029581},{"date":"2021-07-11","death_count":4037209},{"date":"2021-07-12","death_count":4045267},{"date":"2021-07-13","death_count":4053600},{"date":"2021-07-14","death_count":4062241},{"date":"2021-07-15","death_count":4070778},{"date":"2021-07-16","death_count":4079504},{"date":"2021-07-17","death_count":4086591},{"date":"2021-07-18","death_count":4093687},{"date":"2021-07-19","death_count":4100742},{"date":"2021-07-20","death_count":4121501},{"date":"2021-07-21","death_count":4130204},{"date":"2021-07-22","death_count":4138965},{"date":"2021-07-23","death_count":4147295},{"date":"2021-07-24","death_count":4155998},{"date":"2021-07-25","death_count":4163313},{"date":"2021-07-26","death_count":4171094},{"date":"2021-07-27","death_count":4180969},{"date":"2021-07-28","death_count":4191134},{"date":"2021-07-29","death_count":4201965},{"date":"2021-07-30","death_count":4211605},{"date":"2021-07-31","death_count":4220367},{"date":"2021-08-01","death_count":4227772},{"date":"2021-08-02","death_count":4235687},{"date":"2021-08-03","death_count":4246034},{"date":"2021-08-04","death_count":4256660},{"date":"2021-08-05","death_count":4267609},{"date":"2021-08-06","death_count":4278189},{"date":"2021-08-07","death_count":4286811},{"date":"2021-08-08","death_count":4294262},{"date":"2021-08-09","death_count":4302901},{"date":"2021-08-10","death_count":4314458},{"date":"2021-08-11","death_count":4324881},{"date":"2021-08-12","death_count":4335556},{"date":"2021-08-13","death_count":4346033},{"date":"2021-08-14","death_count":4354721},{"date":"2021-08-15","death_count":4361964},{"date":"2021-08-16","death_count":4371777},{"date":"2021-08-17","death_count":4382545},{"date":"2021-08-18","death_count":4393380},{"date":"2021-08-19","death_count":4404888},{"date":"2021-08-20","death_count":4415352},{"date":"2021-08-21","death_count":4424285},{"date":"2021-08-22","death_count":4431918},{"date":"2021-08-23","death_count":4441961},{"date":"2021-08-24","death_count":4453057},{"date":"2021-08-25","death_count":4464412},{"date":"2021-08-26","death_count":4476072},{"date":"2021-08-27","death_count":4486312},{"date":"2021-08-28","death_count":4494817},{"date":"2021-08-29","death_count":4501533},{"date":"2021-08-30","death_count":4511040},{"date":"2021-08-31","death_count":4520178},{"date":"2021-09-01","death_count":4532687},{"date":"2021-09-02","death_count":4543902},{"date":"2021-09-03","death_count":4554600},{"date":"2021-09-04","death_count":4562330},{"date":"2021-09-05","death_count":4568819},{"date":"2021-09-06","death_count":4576802},{"date":"2021-09-07","death_count":4587295},{"date":"2021-09-08","death_count":4597400},{"date":"2021-09-09","death_count":4608178},{"date":"2021-09-10","death_count":4617373},{"date":"2021-09-11","death_count":4625728},{"date":"2021-09-12","death_count":4631250},{"date":"2021-09-13","death_count":4640309},{"date":"2021-09-14","death_count":4650278},{"date":"2021-09-15","death_count":4660728},{"date":"2021-09-16","death_count":4671216},{"date":"2021-09-17","death_count":4679904},{"date":"2021-09-18","death_count":4686683},{"date":"2021-09-19","death_count":4692718},{"date":"2021-09-20","death_count":4700915},{"date":"2021-09-21","death_count":4710036},{"date":"2021-09-22","death_count":4720172},{"date":"2021-09-23","death_count":4729953},{"date":"2021-09-24","death_count":4738756},{"date":"2021-09-25","death_count":4744138},{"date":"2021-09-26","death_count":4749508},{"date":"2021-09-27","death_count":4757282},{"date":"2021-09-28","death_count":4766667},{"date":"2021-09-29","death_count":4776036},{"date":"2021-09-30","death_count":4784873},{"date":"2021-10-01","death_count":4793486},{"date":"2021-10-02","death_count":4799310},{"date":"2021-10-03","death_count":4803549},{"date":"2021-10-04","death_count":4810800},{"date":"2021-10-05","death_count":4818216},{"date":"2021-10-06","death_count":4827441},{"date":"2021-10-07","death_count":4836306},{"date":"2021-10-08","death_count":4843867},{"date":"2021-10-09","death_count":4848628},{"date":"2021-10-10","death_count":4853301},{"date":"2021-10-11","death_count":4859130},{"date":"2021-10-12","death_count":4867266},{"date":"2021-10-13","death_count":4876042},{"date":"2021-10-14","death_count":4884017},{"date":"2021-10-15","death_count":4891310},{"date":"2021-10-16","death_count":4896527},{"date":"2021-10-17","death_count":4900768},{"date":"2021-10-18","death_count":4907276},{"date":"2021-10-19","death_count":4915556},{"date":"2021-10-20","death_count":4924222},{"date":"2021-10-21","death_count":4931902},{"date":"2021-10-22","death_count":4940107},{"date":"2021-10-23","death_count":4945849},{"date":"2021-10-24","death_count":4950403},{"date":"2021-10-25","death_count":4957067},{"date":"2021-10-26","death_count":4965003},{"date":"2021-10-27","death_count":4974170},{"date":"2021-10-28","death_count":4982745},{"date":"2021-10-29","death_count":4990799},{"date":"2021-10-30","death_count":4996788},{"date":"2021-10-31","death_count":5001245},{"date":"2021-11-01","death_count":5007545},{"date":"2021-11-02","death_count":5014851},{"date":"2021-11-03","death_count":5023195},{"date":"2021-11-04","death_count":5030883},{"date":"2021-11-05","death_count":5039465},{"date":"2021-11-06","death_count":5045994},{"date":"2021-11-07","death_count":5050427},{"date":"2021-11-08","death_count":5057157},{"date":"2021-11-09","death_count":5065360},{"date":"2021-11-10","death_count":5073509},{"date":"2021-11-11","death_count":5081092},{"date":"2021-11-12","death_count":5089771},{"date":"2021-11-13","death_count":5096639},{"date":"2021-11-14","death_count":5101188},{"date":"2021-11-15","death_count":5107925},{"date":"2021-11-16","death_count":5115557},{"date":"2021-11-17","death_count":5124700},{"date":"2021-11-18","death_count":5132918},{"date":"2021-11-19","death_count":5140937},{"date":"2021-11-20","death_count":5146900},{"date":"2021-11-21","death_count":5151313},{"date":"2021-11-22","death_count":5158551},{"date":"2021-11-23","death_count":5166519},{"date":"2021-11-24","death_count":5175113},{"date":"2021-11-25","death_count":5182845},{"date":"2021-11-26","death_count":5189518},{"date":"2021-11-27","death_count":5195274},{"date":"2021-11-28","death_count":5199921}]