[{"date_range":"2020-02-02","death_count":1713},{"date_range":"2020-02-09","death_count":4547},{"date_range":"2020-02-16","death_count":9574},{"date_range":"2020-02-23","death_count":15428},{"date_range":"2020-03-01","death_count":19738},{"date_range":"2020-03-08","death_count":23680},{"date_range":"2020-03-15","death_count":35550},{"date_range":"2020-03-22","death_count":73790},{"date_range":"2020-03-29","death_count":179939},{"date_range":"2020-04-05","death_count":397333},{"date_range":"2020-04-12","death_count":715630},{"date_range":"2020-04-19","death_count":1058358},{"date_range":"2020-04-26","death_count":1388566},{"date_range":"2020-05-03","death_count":1680029},{"date_range":"2020-05-10","death_count":1949942},{"date_range":"2020-05-17","death_count":2199850},{"date_range":"2020-05-24","death_count":2435343},{"date_range":"2020-05-31","death_count":2644753},{"date_range":"2020-06-07","death_count":2870214},{"date_range":"2020-06-14","death_count":3098731},{"date_range":"2020-06-21","death_count":3344749},{"date_range":"2020-06-28","death_count":3590422},{"date_range":"2020-07-05","death_count":3824684},{"date_range":"2020-07-12","death_count":4075673},{"date_range":"2020-07-19","death_count":4344591},{"date_range":"2020-07-26","death_count":4635653},{"date_range":"2020-08-02","death_count":4934042},{"date_range":"2020-08-09","death_count":5237000},{"date_range":"2020-08-16","death_count":5543692},{"date_range":"2020-08-23","death_count":5838307},{"date_range":"2020-08-30","death_count":6120830},{"date_range":"2020-09-06","death_count":6395811},{"date_range":"2020-09-13","death_count":6692714},{"date_range":"2020-09-20","death_count":6957227},{"date_range":"2020-09-27","death_count":7221451},{"date_range":"2020-10-04","death_count":7495907},{"date_range":"2020-10-11","death_count":7784856},{"date_range":"2020-10-18","death_count":8045893},{"date_range":"2020-10-25","death_count":8327149},{"date_range":"2020-11-01","death_count":8638742},{"date_range":"2020-11-08","death_count":9010695},{"date_range":"2020-11-15","death_count":9434842},{"date_range":"2020-11-22","death_count":9903942},{"date_range":"2020-11-29","death_count":10408827},{"date_range":"2020-12-06","death_count":10932819},{"date_range":"2020-12-13","death_count":11473288},{"date_range":"2020-12-20","death_count":12039356},{"date_range":"2020-12-27","death_count":12593076},{"date_range":"2021-01-03","death_count":13131958},{"date_range":"2021-01-10","death_count":13724046},{"date_range":"2021-01-17","death_count":14394939},{"date_range":"2021-01-24","death_count":15087852},{"date_range":"2021-01-31","death_count":15800452},{"date_range":"2021-02-07","death_count":16464363},{"date_range":"2021-02-14","death_count":17071333},{"date_range":"2021-02-21","death_count":17588410},{"date_range":"2021-02-28","death_count":18071781},{"date_range":"2021-03-07","death_count":18534146},{"date_range":"2021-03-14","death_count":18975430},{"date_range":"2021-03-21","death_count":19424887},{"date_range":"2021-03-28","death_count":19916709},{"date_range":"2021-04-04","death_count":20433776},{"date_range":"2021-04-11","death_count":20985736},{"date_range":"2021-04-18","death_count":21600751},{"date_range":"2021-04-25","death_count":22230085},{"date_range":"2021-05-02","death_count":22900605},{"date_range":"2021-05-09","death_count":23559428},{"date_range":"2021-05-16","death_count":24195599},{"date_range":"2021-05-23","death_count":24809006},{"date_range":"2021-05-30","death_count":25381865},{"date_range":"2021-06-06","death_count":25921776},{"date_range":"2021-06-13","death_count":26423801},{"date_range":"2021-06-20","death_count":26913028},{"date_range":"2021-06-27","death_count":27323312},{"date_range":"2021-07-04","death_count":27708865},{"date_range":"2021-07-11","death_count":28095749},{"date_range":"2021-07-18","death_count":28491668},{"date_range":"2021-07-25","death_count":28958018},{"date_range":"2021-08-01","death_count":29404906},{"date_range":"2021-08-08","death_count":29865252},{"date_range":"2021-08-15","death_count":30340514},{"date_range":"2021-08-22","death_count":30824145},{"date_range":"2021-08-29","death_count":31318164},{"date_range":"2021-09-05","death_count":31793556},{"date_range":"2021-09-12","death_count":32244026},{"date_range":"2021-09-19","death_count":32681836},{"date_range":"2021-09-26","death_count":33093478},{"date_range":"2021-10-03","death_count":33481203},{"date_range":"2021-10-10","death_count":33838559},{"date_range":"2021-10-17","death_count":34175060},{"date_range":"2021-10-24","death_count":34515315},{"date_range":"2021-10-31","death_count":34867817},{"date_range":"2021-11-07","death_count":35212360},{"date_range":"2021-11-14","death_count":35564716},{"date_range":"2021-11-21","death_count":35920250},{"date_range":"2021-11-28","death_count":36267741}]