[{"date_range":"2020-02-02","case_count":78446},{"date_range":"2020-02-09","case_count":213923},{"date_range":"2020-02-16","case_count":400386},{"date_range":"2020-02-23","case_count":534711},{"date_range":"2020-03-01","case_count":582625},{"date_range":"2020-03-08","case_count":694921},{"date_range":"2020-03-15","case_count":966581},{"date_range":"2020-03-22","case_count":1782409},{"date_range":"2020-03-29","case_count":3856785},{"date_range":"2020-04-05","case_count":7243998},{"date_range":"2020-04-12","case_count":11018171},{"date_range":"2020-04-19","case_count":15215688},{"date_range":"2020-04-26","case_count":19158214},{"date_range":"2020-05-03","case_count":22992275},{"date_range":"2020-05-10","case_count":27018518},{"date_range":"2020-05-17","case_count":31188193},{"date_range":"2020-05-24","case_count":35818559},{"date_range":"2020-05-31","case_count":40854665},{"date_range":"2020-06-07","case_count":46587506},{"date_range":"2020-06-14","case_count":52672666},{"date_range":"2020-06-21","case_count":59417569},{"date_range":"2020-06-28","case_count":67198567},{"date_range":"2020-07-05","case_count":76141647},{"date_range":"2020-07-12","case_count":85980228},{"date_range":"2020-07-19","case_count":96713241},{"date_range":"2020-07-26","case_count":108542920},{"date_range":"2020-08-02","case_count":121129140},{"date_range":"2020-08-09","case_count":133693626},{"date_range":"2020-08-16","case_count":146438565},{"date_range":"2020-08-23","case_count":158853512},{"date_range":"2020-08-30","case_count":171279865},{"date_range":"2020-09-06","case_count":184406025},{"date_range":"2020-09-13","case_count":197453685},{"date_range":"2020-09-20","case_count":211493235},{"date_range":"2020-09-27","case_count":225865582},{"date_range":"2020-10-04","case_count":240249628},{"date_range":"2020-10-11","case_count":255909140},{"date_range":"2020-10-18","case_count":272775180},{"date_range":"2020-10-25","case_count":292421301},{"date_range":"2020-11-01","case_count":315684797},{"date_range":"2020-11-08","case_count":342131364},{"date_range":"2020-11-15","case_count":370333350},{"date_range":"2020-11-22","case_count":399427243},{"date_range":"2020-11-29","case_count":428319027},{"date_range":"2020-12-06","case_count":457784660},{"date_range":"2020-12-13","case_count":491861962},{"date_range":"2020-12-20","case_count":525803451},{"date_range":"2020-12-27","case_count":556200654},{"date_range":"2021-01-03","case_count":585059317},{"date_range":"2021-01-10","case_count":618388193},{"date_range":"2021-01-17","case_count":653483431},{"date_range":"2021-01-24","case_count":684380951},{"date_range":"2021-01-31","case_count":712072969},{"date_range":"2021-02-07","case_count":736147881},{"date_range":"2021-02-14","case_count":756666195},{"date_range":"2021-02-21","case_count":774771064},{"date_range":"2021-02-28","case_count":793464829},{"date_range":"2021-03-07","case_count":812328911},{"date_range":"2021-03-14","case_count":832622349},{"date_range":"2021-03-21","case_count":855167943},{"date_range":"2021-03-28","case_count":881133058},{"date_range":"2021-04-04","case_count":909663934},{"date_range":"2021-04-11","case_count":940394590},{"date_range":"2021-04-18","case_count":976568713},{"date_range":"2021-04-25","case_count":1016046117},{"date_range":"2021-05-02","case_count":1056351426},{"date_range":"2021-05-09","case_count":1095293400},{"date_range":"2021-05-16","case_count":1130963030},{"date_range":"2021-05-23","case_count":1160225175},{"date_range":"2021-05-30","case_count":1185588260},{"date_range":"2021-06-06","case_count":1207888598},{"date_range":"2021-06-13","case_count":1227065906},{"date_range":"2021-06-20","case_count":1245158071},{"date_range":"2021-06-27","case_count":1263098773},{"date_range":"2021-07-04","case_count":1281678935},{"date_range":"2021-07-11","case_count":1302088785},{"date_range":"2021-07-18","case_count":1325645241},{"date_range":"2021-07-25","case_count":1351519321},{"date_range":"2021-08-01","case_count":1379582468},{"date_range":"2021-08-08","case_count":1409812342},{"date_range":"2021-08-15","case_count":1441462280},{"date_range":"2021-08-22","case_count":1473626553},{"date_range":"2021-08-29","case_count":1505879053},{"date_range":"2021-09-05","case_count":1537062346},{"date_range":"2021-09-12","case_count":1565432814},{"date_range":"2021-09-19","case_count":1592241887},{"date_range":"2021-09-26","case_count":1616899946},{"date_range":"2021-10-03","case_count":1639172895},{"date_range":"2021-10-10","case_count":1660143281},{"date_range":"2021-10-17","case_count":1680064495},{"date_range":"2021-10-24","case_count":1700386355},{"date_range":"2021-10-31","case_count":1721454017},{"date_range":"2021-11-07","case_count":1743130845},{"date_range":"2021-11-14","case_count":1766579817},{"date_range":"2021-11-21","case_count":1792111406},{"date_range":"2021-11-28","case_count":1819801451}]