[{"date":"2020-01-27","case_count":2927},{"date":"2020-01-28","case_count":5578},{"date":"2020-01-29","case_count":6167},{"date":"2020-01-30","case_count":8235},{"date":"2020-01-31","case_count":9927},{"date":"2020-02-01","case_count":12038},{"date":"2020-02-02","case_count":16787},{"date":"2020-02-03","case_count":19887},{"date":"2020-02-04","case_count":23898},{"date":"2020-02-05","case_count":27643},{"date":"2020-02-06","case_count":30805},{"date":"2020-02-07","case_count":34399},{"date":"2020-02-08","case_count":37130},{"date":"2020-02-09","case_count":40161},{"date":"2020-02-10","case_count":42769},{"date":"2020-02-11","case_count":44811},{"date":"2020-02-12","case_count":45229},{"date":"2020-02-13","case_count":60381},{"date":"2020-02-14","case_count":66909},{"date":"2020-02-15","case_count":69052},{"date":"2020-02-16","case_count":71235},{"date":"2020-02-17","case_count":73270},{"date":"2020-02-18","case_count":75152},{"date":"2020-02-19","case_count":75652},{"date":"2020-02-20","case_count":76212},{"date":"2020-02-21","case_count":76841},{"date":"2020-02-22","case_count":78602},{"date":"2020-02-23","case_count":78982},{"date":"2020-02-24","case_count":79550},{"date":"2020-02-25","case_count":80404},{"date":"2020-02-26","case_count":81381},{"date":"2020-02-27","case_count":82740},{"date":"2020-02-28","case_count":84128},{"date":"2020-02-29","case_count":86022},{"date":"2020-03-01","case_count":88400},{"date":"2020-03-02","case_count":90379},{"date":"2020-03-03","case_count":92980},{"date":"2020-03-04","case_count":95282},{"date":"2020-03-05","case_count":98100},{"date":"2020-03-06","case_count":102016},{"date":"2020-03-07","case_count":106113},{"date":"2020-03-08","case_count":110051},{"date":"2020-03-09","case_count":114232},{"date":"2020-03-10","case_count":119055},{"date":"2020-03-11","case_count":126714},{"date":"2020-03-12","case_count":132513},{"date":"2020-03-13","case_count":146864},{"date":"2020-03-14","case_count":157962},{"date":"2020-03-15","case_count":169241},{"date":"2020-03-16","case_count":184034},{"date":"2020-03-17","case_count":200039},{"date":"2020-03-18","case_count":219586},{"date":"2020-03-19","case_count":246684},{"date":"2020-03-20","case_count":277565},{"date":"2020-03-21","case_count":309680},{"date":"2020-03-22","case_count":344821},{"date":"2020-03-23","case_count":387488},{"date":"2020-03-24","case_count":428574},{"date":"2020-03-25","case_count":479663},{"date":"2020-03-26","case_count":542525},{"date":"2020-03-27","case_count":607435},{"date":"2020-03-28","case_count":677100},{"date":"2020-03-29","case_count":734000},{"date":"2020-03-30","case_count":799279},{"date":"2020-03-31","case_count":876098},{"date":"2020-04-01","case_count":959012},{"date":"2020-04-02","case_count":1041923},{"date":"2020-04-03","case_count":1126238},{"date":"2020-04-04","case_count":1185171},{"date":"2020-04-05","case_count":1256277},{"date":"2020-04-06","case_count":1330151},{"date":"2020-04-07","case_count":1399552},{"date":"2020-04-08","case_count":1482877},{"date":"2020-04-09","case_count":1570233},{"date":"2020-04-10","case_count":1655623},{"date":"2020-04-11","case_count":1730100},{"date":"2020-04-12","case_count":1849635},{"date":"2020-04-13","case_count":1920621},{"date":"2020-04-14","case_count":2004469},{"date":"2020-04-15","case_count":2082629},{"date":"2020-04-16","case_count":2178015},{"date":"2020-04-17","case_count":2266210},{"date":"2020-04-18","case_count":2343459},{"date":"2020-04-19","case_count":2420285},{"date":"2020-04-20","case_count":2495724},{"date":"2020-04-21","case_count":2571680},{"date":"2020-04-22","case_count":2653519},{"date":"2020-04-23","case_count":2737033},{"date":"2020-04-24","case_count":2820961},{"date":"2020-04-25","case_count":2903928},{"date":"2020-04-26","case_count":2975369},{"date":"2020-04-27","case_count":3045573},{"date":"2020-04-28","case_count":3121379},{"date":"2020-04-29","case_count":3198366},{"date":"2020-04-30","case_count":3281736},{"date":"2020-05-01","case_count":3370333},{"date":"2020-05-02","case_count":3449993},{"date":"2020-05-03","case_count":3524895},{"date":"2020-05-04","case_count":3602083},{"date":"2020-05-05","case_count":3682186},{"date":"2020-05-06","case_count":3772588},{"date":"2020-05-07","case_count":3861478},{"date":"2020-05-08","case_count":3952059},{"date":"2020-05-09","case_count":4036214},{"date":"2020-05-10","case_count":4111910},{"date":"2020-05-11","case_count":4188263},{"date":"2020-05-12","case_count":4272702},{"date":"2020-05-13","case_count":4357656},{"date":"2020-05-14","case_count":4453534},{"date":"2020-05-15","case_count":4549685},{"date":"2020-05-16","case_count":4643963},{"date":"2020-05-17","case_count":4722390},{"date":"2020-05-18","case_count":4811104},{"date":"2020-05-19","case_count":4907900},{"date":"2020-05-20","case_count":5010021},{"date":"2020-05-21","case_count":5116700},{"date":"2020-05-22","case_count":5223038},{"date":"2020-05-23","case_count":5327487},{"date":"2020-05-24","case_count":5422309},{"date":"2020-05-25","case_count":5508897},{"date":"2020-05-26","case_count":5601704},{"date":"2020-05-27","case_count":5705239},{"date":"2020-05-28","case_count":5823756},{"date":"2020-05-29","case_count":5944872},{"date":"2020-05-30","case_count":6081733},{"date":"2020-05-31","case_count":6188464},{"date":"2020-06-01","case_count":6284169},{"date":"2020-06-02","case_count":6405877},{"date":"2020-06-03","case_count":6520060},{"date":"2020-06-04","case_count":6650902},{"date":"2020-06-05","case_count":6781972},{"date":"2020-06-06","case_count":6915860},{"date":"2020-06-07","case_count":7028666},{"date":"2020-06-08","case_count":7129888},{"date":"2020-06-09","case_count":7254440},{"date":"2020-06-10","case_count":7389760},{"date":"2020-06-11","case_count":7527046},{"date":"2020-06-12","case_count":7656260},{"date":"2020-06-13","case_count":7791268},{"date":"2020-06-14","case_count":7924004},{"date":"2020-06-15","case_count":8042352},{"date":"2020-06-16","case_count":8183997},{"date":"2020-06-17","case_count":8328754},{"date":"2020-06-18","case_count":8469435},{"date":"2020-06-19","case_count":8649623},{"date":"2020-06-20","case_count":8807276},{"date":"2020-06-21","case_count":8936132},{"date":"2020-06-22","case_count":9074333},{"date":"2020-06-23","case_count":9241366},{"date":"2020-06-24","case_count":9414276},{"date":"2020-06-25","case_count":9592714},{"date":"2020-06-26","case_count":9784446},{"date":"2020-06-27","case_count":9963203},{"date":"2020-06-28","case_count":10128229},{"date":"2020-06-29","case_count":10281760},{"date":"2020-06-30","case_count":10458099},{"date":"2020-07-01","case_count":10675384},{"date":"2020-07-02","case_count":10885108},{"date":"2020-07-03","case_count":11087874},{"date":"2020-07-04","case_count":11284863},{"date":"2020-07-05","case_count":11468559},{"date":"2020-07-06","case_count":11632143},{"date":"2020-07-07","case_count":11841870},{"date":"2020-07-08","case_count":12055672},{"date":"2020-07-09","case_count":12280596},{"date":"2020-07-10","case_count":12513289},{"date":"2020-07-11","case_count":12731073},{"date":"2020-07-12","case_count":12925585},{"date":"2020-07-13","case_count":13115560},{"date":"2020-07-14","case_count":13336353},{"date":"2020-07-15","case_count":13567314},{"date":"2020-07-16","case_count":13819171},{"date":"2020-07-17","case_count":14061955},{"date":"2020-07-18","case_count":14299236},{"date":"2020-07-19","case_count":14513652},{"date":"2020-07-20","case_count":14719012},{"date":"2020-07-21","case_count":14953603},{"date":"2020-07-22","case_count":15233436},{"date":"2020-07-23","case_count":15516142},{"date":"2020-07-24","case_count":15798043},{"date":"2020-07-25","case_count":16054157},{"date":"2020-07-26","case_count":16268527},{"date":"2020-07-27","case_count":16494344},{"date":"2020-07-28","case_count":16744332},{"date":"2020-07-29","case_count":17032574},{"date":"2020-07-30","case_count":17312842},{"date":"2020-07-31","case_count":17603627},{"date":"2020-08-01","case_count":17855016},{"date":"2020-08-02","case_count":18086405},{"date":"2020-08-03","case_count":18292636},{"date":"2020-08-04","case_count":18546760},{"date":"2020-08-05","case_count":18824779},{"date":"2020-08-06","case_count":19107783},{"date":"2020-08-07","case_count":19391776},{"date":"2020-08-08","case_count":19651428},{"date":"2020-08-09","case_count":19878464},{"date":"2020-08-10","case_count":20101952},{"date":"2020-08-11","case_count":20364221},{"date":"2020-08-12","case_count":20637630},{"date":"2020-08-13","case_count":20927045},{"date":"2020-08-14","case_count":21230446},{"date":"2020-08-15","case_count":21480945},{"date":"2020-08-16","case_count":21696326},{"date":"2020-08-17","case_count":21902921},{"date":"2020-08-18","case_count":22159063},{"date":"2020-08-19","case_count":22435491},{"date":"2020-08-20","case_count":22708693},{"date":"2020-08-21","case_count":22969875},{"date":"2020-08-22","case_count":23235452},{"date":"2020-08-23","case_count":23442017},{"date":"2020-08-24","case_count":23665573},{"date":"2020-08-25","case_count":23910192},{"date":"2020-08-26","case_count":24192498},{"date":"2020-08-27","case_count":24477337},{"date":"2020-08-28","case_count":24760697},{"date":"2020-08-29","case_count":25026011},{"date":"2020-08-30","case_count":25247557},{"date":"2020-08-31","case_count":25507644},{"date":"2020-09-01","case_count":25773687},{"date":"2020-09-02","case_count":26056816},{"date":"2020-09-03","case_count":26338416},{"date":"2020-09-04","case_count":26652741},{"date":"2020-09-05","case_count":26923181},{"date":"2020-09-06","case_count":27153540},{"date":"2020-09-07","case_count":27371723},{"date":"2020-09-08","case_count":27612247},{"date":"2020-09-09","case_count":27897555},{"date":"2020-09-10","case_count":28197384},{"date":"2020-09-11","case_count":28519111},{"date":"2020-09-12","case_count":28806364},{"date":"2020-09-13","case_count":29049301},{"date":"2020-09-14","case_count":29311822},{"date":"2020-09-15","case_count":29597221},{"date":"2020-09-16","case_count":29901699},{"date":"2020-09-17","case_count":30216545},{"date":"2020-09-18","case_count":30542587},{"date":"2020-09-19","case_count":30835348},{"date":"2020-09-20","case_count":31088013},{"date":"2020-09-21","case_count":31362619},{"date":"2020-09-22","case_count":31647471},{"date":"2020-09-23","case_count":31923473},{"date":"2020-09-24","case_count":32277103},{"date":"2020-09-25","case_count":32608359},{"date":"2020-09-26","case_count":32897281},{"date":"2020-09-27","case_count":33149276},{"date":"2020-09-28","case_count":33403428},{"date":"2020-09-29","case_count":33686297},{"date":"2020-09-30","case_count":34012348},{"date":"2020-10-01","case_count":34331074},{"date":"2020-10-02","case_count":34629241},{"date":"2020-10-03","case_count":34963471},{"date":"2020-10-04","case_count":35223769},{"date":"2020-10-05","case_count":35523211},{"date":"2020-10-06","case_count":35849315},{"date":"2020-10-07","case_count":36200561},{"date":"2020-10-08","case_count":36562202},{"date":"2020-10-09","case_count":36923459},{"date":"2020-10-10","case_count":37281187},{"date":"2020-10-11","case_count":37569205},{"date":"2020-10-12","case_count":37860798},{"date":"2020-10-13","case_count":38179049},{"date":"2020-10-14","case_count":38560828},{"date":"2020-10-15","case_count":38968208},{"date":"2020-10-16","case_count":39380022},{"date":"2020-10-17","case_count":39754760},{"date":"2020-10-18","case_count":40071515},{"date":"2020-10-19","case_count":40457740},{"date":"2020-10-20","case_count":40846700},{"date":"2020-10-21","case_count":41291455},{"date":"2020-10-22","case_count":41763897},{"date":"2020-10-23","case_count":42261566},{"date":"2020-10-24","case_count":42719335},{"date":"2020-10-25","case_count":43080608},{"date":"2020-10-26","case_count":43565713},{"date":"2020-10-27","case_count":44036428},{"date":"2020-10-28","case_count":44548546},{"date":"2020-10-29","case_count":45099239},{"date":"2020-10-30","case_count":45671376},{"date":"2020-10-31","case_count":46149652},{"date":"2020-11-01","case_count":46613843},{"date":"2020-11-02","case_count":47175135},{"date":"2020-11-03","case_count":47731111},{"date":"2020-11-04","case_count":48242495},{"date":"2020-11-05","case_count":48839821},{"date":"2020-11-06","case_count":49484776},{"date":"2020-11-07","case_count":50086652},{"date":"2020-11-08","case_count":50571374},{"date":"2020-11-09","case_count":51070475},{"date":"2020-11-10","case_count":51630803},{"date":"2020-11-11","case_count":52282484},{"date":"2020-11-12","case_count":52928930},{"date":"2020-11-13","case_count":53582011},{"date":"2020-11-14","case_count":54181570},{"date":"2020-11-15","case_count":54657077},{"date":"2020-11-16","case_count":55187618},{"date":"2020-11-17","case_count":55799366},{"date":"2020-11-18","case_count":56426811},{"date":"2020-11-19","case_count":57081275},{"date":"2020-11-20","case_count":57754021},{"date":"2020-11-21","case_count":58344980},{"date":"2020-11-22","case_count":58833172},{"date":"2020-11-23","case_count":59355716},{"date":"2020-11-24","case_count":59948859},{"date":"2020-11-25","case_count":60587879},{"date":"2020-11-26","case_count":61177096},{"date":"2020-11-27","case_count":61859918},{"date":"2020-11-28","case_count":62449970},{"date":"2020-11-29","case_count":62939589},{"date":"2020-11-30","case_count":63443452},{"date":"2020-12-01","case_count":64063410},{"date":"2020-12-02","case_count":64718391},{"date":"2020-12-03","case_count":65415005},{"date":"2020-12-04","case_count":66102820},{"date":"2020-12-05","case_count":66752129},{"date":"2020-12-06","case_count":67289453},{"date":"2020-12-07","case_count":67804877},{"date":"2020-12-08","case_count":68457222},{"date":"2020-12-09","case_count":69129223},{"date":"2020-12-10","case_count":70632794},{"date":"2020-12-11","case_count":71341373},{"date":"2020-12-12","case_count":71983162},{"date":"2020-12-13","case_count":72513311},{"date":"2020-12-14","case_count":73045072},{"date":"2020-12-15","case_count":73697586},{"date":"2020-12-16","case_count":74429548},{"date":"2020-12-17","case_count":75171068},{"date":"2020-12-18","case_count":75892671},{"date":"2020-12-19","case_count":76517677},{"date":"2020-12-20","case_count":77049829},{"date":"2020-12-21","case_count":77590143},{"date":"2020-12-22","case_count":78251788},{"date":"2020-12-23","case_count":78948063},{"date":"2020-12-24","case_count":79630233},{"date":"2020-12-25","case_count":80110632},{"date":"2020-12-26","case_count":80618331},{"date":"2020-12-27","case_count":81051464},{"date":"2020-12-28","case_count":81539610},{"date":"2020-12-29","case_count":82212027},{"date":"2020-12-30","case_count":82952728},{"date":"2020-12-31","case_count":83730214},{"date":"2021-01-01","case_count":84296831},{"date":"2021-01-02","case_count":84902473},{"date":"2021-01-03","case_count":85425434},{"date":"2021-01-04","case_count":85975750},{"date":"2021-01-05","case_count":86719564},{"date":"2021-01-06","case_count":87510918},{"date":"2021-01-07","case_count":88403658},{"date":"2021-01-08","case_count":89220644},{"date":"2021-01-09","case_count":89983496},{"date":"2021-01-10","case_count":90574163},{"date":"2021-01-11","case_count":91190749},{"date":"2021-01-12","case_count":91891817},{"date":"2021-01-13","case_count":92642992},{"date":"2021-01-14","case_count":93403109},{"date":"2021-01-15","case_count":94176606},{"date":"2021-01-16","case_count":94824569},{"date":"2021-01-17","case_count":95353589},{"date":"2021-01-18","case_count":95867631},{"date":"2021-01-19","case_count":96467296},{"date":"2021-01-20","case_count":97165030},{"date":"2021-01-21","case_count":97822521},{"date":"2021-01-22","case_count":98483195},{"date":"2021-01-23","case_count":99058268},{"date":"2021-01-24","case_count":99517010},{"date":"2021-01-25","case_count":100008224},{"date":"2021-01-26","case_count":100564626},{"date":"2021-01-27","case_count":101166858},{"date":"2021-01-28","case_count":101781360},{"date":"2021-01-29","case_count":102373184},{"date":"2021-01-30","case_count":102894523},{"date":"2021-01-31","case_count":103284194},{"date":"2021-02-01","case_count":103728118},{"date":"2021-02-02","case_count":104188233},{"date":"2021-02-03","case_count":104715448},{"date":"2021-02-04","case_count":105184869},{"date":"2021-02-05","case_count":105720625},{"date":"2021-02-06","case_count":106102398},{"date":"2021-02-07","case_count":106508190},{"date":"2021-02-08","case_count":106821955},{"date":"2021-02-09","case_count":107252775},{"date":"2021-02-10","case_count":107692119},{"date":"2021-02-11","case_count":108137052},{"date":"2021-02-12","case_count":108568601},{"date":"2021-02-13","case_count":108946817},{"date":"2021-02-14","case_count":109246876},{"date":"2021-02-15","case_count":109533287},{"date":"2021-02-16","case_count":109883616},{"date":"2021-02-17","case_count":110281507},{"date":"2021-02-18","case_count":110689406},{"date":"2021-02-19","case_count":111103621},{"date":"2021-02-20","case_count":111479450},{"date":"2021-02-21","case_count":111800177},{"date":"2021-02-22","case_count":112089933},{"date":"2021-02-23","case_count":112481991},{"date":"2021-02-24","case_count":112930144},{"date":"2021-02-25","case_count":113381186},{"date":"2021-02-26","case_count":113828161},{"date":"2021-02-27","case_count":114222207},{"date":"2021-02-28","case_count":114531207},{"date":"2021-03-01","case_count":114836002},{"date":"2021-03-02","case_count":115149465},{"date":"2021-03-03","case_count":115593104},{"date":"2021-03-04","case_count":116049431},{"date":"2021-03-05","case_count":116499312},{"date":"2021-03-06","case_count":116914480},{"date":"2021-03-07","case_count":117287117},{"date":"2021-03-08","case_count":117587404},{"date":"2021-03-09","case_count":118002885},{"date":"2021-03-10","case_count":118472291},{"date":"2021-03-11","case_count":118951474},{"date":"2021-03-12","case_count":119443264},{"date":"2021-03-13","case_count":119900306},{"date":"2021-03-14","case_count":120264725},{"date":"2021-03-15","case_count":120613703},{"date":"2021-03-16","case_count":121081264},{"date":"2021-03-17","case_count":121632866},{"date":"2021-03-18","case_count":122176769},{"date":"2021-03-19","case_count":122741137},{"date":"2021-03-20","case_count":123242645},{"date":"2021-03-21","case_count":123679559},{"date":"2021-03-22","case_count":124095873},{"date":"2021-03-23","case_count":124611738},{"date":"2021-03-24","case_count":125247205},{"date":"2021-03-25","case_count":125900596},{"date":"2021-03-26","case_count":126543523},{"date":"2021-03-27","case_count":127129346},{"date":"2021-03-28","case_count":127604777},{"date":"2021-03-29","case_count":128062401},{"date":"2021-03-30","case_count":128632389},{"date":"2021-03-31","case_count":129317088},{"date":"2021-04-01","case_count":130030746},{"date":"2021-04-02","case_count":130667289},{"date":"2021-04-03","case_count":131198963},{"date":"2021-04-04","case_count":131755058},{"date":"2021-04-05","case_count":132240816},{"date":"2021-04-06","case_count":132846294},{"date":"2021-04-07","case_count":133532407},{"date":"2021-04-08","case_count":134373454},{"date":"2021-04-09","case_count":135124214},{"date":"2021-04-10","case_count":135792536},{"date":"2021-04-11","case_count":136484869},{"date":"2021-04-12","case_count":137098733},{"date":"2021-04-13","case_count":137880264},{"date":"2021-04-14","case_count":138696739},{"date":"2021-04-15","case_count":139513853},{"date":"2021-04-16","case_count":140372030},{"date":"2021-04-17","case_count":141160041},{"date":"2021-04-18","case_count":141847053},{"date":"2021-04-19","case_count":142540114},{"date":"2021-04-20","case_count":143394369},{"date":"2021-04-21","case_count":144285955},{"date":"2021-04-22","case_count":145185683},{"date":"2021-04-23","case_count":146089937},{"date":"2021-04-24","case_count":146912466},{"date":"2021-04-25","case_count":147637593},{"date":"2021-04-26","case_count":148319278},{"date":"2021-04-27","case_count":149164640},{"date":"2021-04-28","case_count":150072929},{"date":"2021-04-29","case_count":150969991},{"date":"2021-04-30","case_count":151850501},{"date":"2021-05-01","case_count":152649234},{"date":"2021-05-02","case_count":153324853},{"date":"2021-05-03","case_count":154004359},{"date":"2021-05-04","case_count":154812586},{"date":"2021-05-05","case_count":155655432},{"date":"2021-05-06","case_count":156525899},{"date":"2021-05-07","case_count":157359377},{"date":"2021-05-08","case_count":158146607},{"date":"2021-05-09","case_count":158789140},{"date":"2021-05-10","case_count":159408210},{"date":"2021-05-11","case_count":160147657},{"date":"2021-05-12","case_count":160908291},{"date":"2021-05-13","case_count":161634132},{"date":"2021-05-14","case_count":162352181},{"date":"2021-05-15","case_count":162981501},{"date":"2021-05-16","case_count":163531058},{"date":"2021-05-17","case_count":164069942},{"date":"2021-05-18","case_count":164692989},{"date":"2021-05-19","case_count":165365410},{"date":"2021-05-20","case_count":165645214},{"date":"2021-05-21","case_count":166271845},{"date":"2021-05-22","case_count":166851249},{"date":"2021-05-23","case_count":167328526},{"date":"2021-05-24","case_count":167781016},{"date":"2021-05-25","case_count":168313871},{"date":"2021-05-26","case_count":168883551},{"date":"2021-05-27","case_count":169437880},{"date":"2021-05-28","case_count":169938480},{"date":"2021-05-29","case_count":170420805},{"date":"2021-05-30","case_count":170812657},{"date":"2021-05-31","case_count":171191493},{"date":"2021-06-01","case_count":171654528},{"date":"2021-06-02","case_count":172140760},{"date":"2021-06-03","case_count":172630192},{"date":"2021-06-04","case_count":173049928},{"date":"2021-06-05","case_count":173449200},{"date":"2021-06-06","case_count":173772497},{"date":"2021-06-07","case_count":174093088},{"date":"2021-06-08","case_count":174460315},{"date":"2021-06-09","case_count":174880256},{"date":"2021-06-10","case_count":175329967},{"date":"2021-06-11","case_count":175750964},{"date":"2021-06-12","case_count":176123820},{"date":"2021-06-13","case_count":176427496},{"date":"2021-06-14","case_count":176734876},{"date":"2021-06-15","case_count":177106230},{"date":"2021-06-16","case_count":177504943},{"date":"2021-06-17","case_count":177897490},{"date":"2021-06-18","case_count":178304378},{"date":"2021-06-19","case_count":178653879},{"date":"2021-06-20","case_count":178956275},{"date":"2021-06-21","case_count":179249957},{"date":"2021-06-22","case_count":179621785},{"date":"2021-06-23","case_count":180059586},{"date":"2021-06-24","case_count":180464511},{"date":"2021-06-25","case_count":180886457},{"date":"2021-06-26","case_count":181252494},{"date":"2021-06-27","case_count":181563983},{"date":"2021-06-28","case_count":181892327},{"date":"2021-06-29","case_count":182271987},{"date":"2021-06-30","case_count":182668988},{"date":"2021-07-01","case_count":183109974},{"date":"2021-07-02","case_count":183551246},{"date":"2021-07-03","case_count":183927947},{"date":"2021-07-04","case_count":184256466},{"date":"2021-07-05","case_count":184626035},{"date":"2021-07-06","case_count":185079474},{"date":"2021-07-07","case_count":185542929},{"date":"2021-07-08","case_count":186023285},{"date":"2021-07-09","case_count":186530807},{"date":"2021-07-10","case_count":186957864},{"date":"2021-07-11","case_count":187328391},{"date":"2021-07-12","case_count":187765083},{"date":"2021-07-13","case_count":188285072},{"date":"2021-07-14","case_count":188826542},{"date":"2021-07-15","case_count":189398671},{"date":"2021-07-16","case_count":189996958},{"date":"2021-07-17","case_count":190470948},{"date":"2021-07-18","case_count":190901967},{"date":"2021-07-19","case_count":191398496},{"date":"2021-07-20","case_count":191928444},{"date":"2021-07-21","case_count":192487261},{"date":"2021-07-22","case_count":193051660},{"date":"2021-07-23","case_count":193780767},{"date":"2021-07-24","case_count":194213700},{"date":"2021-07-25","case_count":194658993},{"date":"2021-07-26","case_count":195199364},{"date":"2021-07-27","case_count":195809598},{"date":"2021-07-28","case_count":196453899},{"date":"2021-07-29","case_count":197106768},{"date":"2021-07-30","case_count":197837068},{"date":"2021-07-31","case_count":198347236},{"date":"2021-08-01","case_count":198828535},{"date":"2021-08-02","case_count":199406609},{"date":"2021-08-03","case_count":200044020},{"date":"2021-08-04","case_count":200719424},{"date":"2021-08-05","case_count":201408350},{"date":"2021-08-06","case_count":202230166},{"date":"2021-08-07","case_count":202781094},{"date":"2021-08-08","case_count":203222679},{"date":"2021-08-09","case_count":203876512},{"date":"2021-08-10","case_count":204525161},{"date":"2021-08-11","case_count":205253686},{"date":"2021-08-12","case_count":205964473},{"date":"2021-08-13","case_count":206770184},{"date":"2021-08-14","case_count":207304126},{"date":"2021-08-15","case_count":207768138},{"date":"2021-08-16","case_count":208446748},{"date":"2021-08-17","case_count":209129811},{"date":"2021-08-18","case_count":209858030},{"date":"2021-08-19","case_count":210573684},{"date":"2021-08-20","case_count":211363802},{"date":"2021-08-21","case_count":211903993},{"date":"2021-08-22","case_count":212350485},{"date":"2021-08-23","case_count":213054951},{"date":"2021-08-24","case_count":213741877},{"date":"2021-08-25","case_count":214472203},{"date":"2021-08-26","case_count":215207893},{"date":"2021-08-27","case_count":215953596},{"date":"2021-08-28","case_count":216500980},{"date":"2021-08-29","case_count":216947553},{"date":"2021-08-30","case_count":217634085},{"date":"2021-08-31","case_count":218253273},{"date":"2021-09-01","case_count":218980614},{"date":"2021-09-02","case_count":219657629},{"date":"2021-09-03","case_count":220375748},{"date":"2021-09-04","case_count":220860465},{"date":"2021-09-05","case_count":221300532},{"date":"2021-09-06","case_count":221741039},{"date":"2021-09-07","case_count":222466559},{"date":"2021-09-08","case_count":223098256},{"date":"2021-09-09","case_count":223735890},{"date":"2021-09-10","case_count":224369896},{"date":"2021-09-11","case_count":224826464},{"date":"2021-09-12","case_count":225194710},{"date":"2021-09-13","case_count":225796002},{"date":"2021-09-14","case_count":226347382},{"date":"2021-09-15","case_count":226915344},{"date":"2021-09-16","case_count":227491898},{"date":"2021-09-17","case_count":228085441},{"date":"2021-09-18","case_count":228622489},{"date":"2021-09-19","case_count":228983331},{"date":"2021-09-20","case_count":229517405},{"date":"2021-09-21","case_count":229986580},{"date":"2021-09-22","case_count":230524746},{"date":"2021-09-23","case_count":231036461},{"date":"2021-09-24","case_count":231584038},{"date":"2021-09-25","case_count":231951194},{"date":"2021-09-26","case_count":232299522},{"date":"2021-09-27","case_count":232772166},{"date":"2021-09-28","case_count":233221627},{"date":"2021-09-29","case_count":233724423},{"date":"2021-09-30","case_count":234209180},{"date":"2021-10-01","case_count":234748599},{"date":"2021-10-02","case_count":235095253},{"date":"2021-10-03","case_count":235401647},{"date":"2021-10-04","case_count":235846176},{"date":"2021-10-05","case_count":236266349},{"date":"2021-10-06","case_count":236779307},{"date":"2021-10-07","case_count":237212149},{"date":"2021-10-08","case_count":237686620},{"date":"2021-10-09","case_count":238018875},{"date":"2021-10-10","case_count":238333805},{"date":"2021-10-11","case_count":238715804},{"date":"2021-10-12","case_count":239149112},{"date":"2021-10-13","case_count":239612449},{"date":"2021-10-14","case_count":240057016},{"date":"2021-10-15","case_count":240514095},{"date":"2021-10-16","case_count":240851366},{"date":"2021-10-17","case_count":241164653},{"date":"2021-10-18","case_count":241579420},{"date":"2021-10-19","case_count":242021572},{"date":"2021-10-20","case_count":242492769},{"date":"2021-10-21","case_count":242949747},{"date":"2021-10-22","case_count":243435393},{"date":"2021-10-23","case_count":243795689},{"date":"2021-10-24","case_count":244111765},{"date":"2021-10-25","case_count":244542769},{"date":"2021-10-26","case_count":244985542},{"date":"2021-10-27","case_count":245498028},{"date":"2021-10-28","case_count":245957103},{"date":"2021-10-29","case_count":246461921},{"date":"2021-10-30","case_count":246843901},{"date":"2021-10-31","case_count":247164753},{"date":"2021-11-01","case_count":247587799},{"date":"2021-11-02","case_count":248017288},{"date":"2021-11-03","case_count":248538508},{"date":"2021-11-04","case_count":249066287},{"date":"2021-11-05","case_count":249581640},{"date":"2021-11-06","case_count":249996073},{"date":"2021-11-07","case_count":250343250},{"date":"2021-11-08","case_count":250821737},{"date":"2021-11-09","case_count":251304831},{"date":"2021-11-10","case_count":251879214},{"date":"2021-11-11","case_count":252395307},{"date":"2021-11-12","case_count":252989981},{"date":"2021-11-13","case_count":253418652},{"date":"2021-11-14","case_count":253770095},{"date":"2021-11-15","case_count":254315156},{"date":"2021-11-16","case_count":254837039},{"date":"2021-11-17","case_count":255461905},{"date":"2021-11-18","case_count":256075033},{"date":"2021-11-19","case_count":256690934},{"date":"2021-11-20","case_count":257167603},{"date":"2021-11-21","case_count":257563736},{"date":"2021-11-22","case_count":258188373},{"date":"2021-11-23","case_count":258794862},{"date":"2021-11-24","case_count":259467478},{"date":"2021-11-25","case_count":260063320},{"date":"2021-11-26","case_count":260660212},{"date":"2021-11-27","case_count":261110719},{"date":"2021-11-28","case_count":261516487}]