[{"blocks":6552,"transactions":476541,"date":"2020-01-27"},{"blocks":6511,"transactions":526284,"date":"2020-01-28"},{"blocks":6551,"transactions":551529,"date":"2020-01-29"},{"blocks":6452,"transactions":566052,"date":"2020-01-30"},{"blocks":6489,"transactions":583358,"date":"2020-01-31"},{"blocks":6488,"transactions":545761,"date":"2020-02-01"},{"blocks":6537,"transactions":530094,"date":"2020-02-02"},{"blocks":6524,"transactions":621191,"date":"2020-02-03"},{"blocks":6566,"transactions":524476,"date":"2020-02-04"},{"blocks":6456,"transactions":610780,"date":"2020-02-05"},{"blocks":6516,"transactions":606505,"date":"2020-02-06"},{"blocks":6509,"transactions":626252,"date":"2020-02-07"},{"blocks":6467,"transactions":661649,"date":"2020-02-08"},{"blocks":6491,"transactions":628631,"date":"2020-02-09"},{"blocks":6592,"transactions":668760,"date":"2020-02-10"},{"blocks":6534,"transactions":709280,"date":"2020-02-11"},{"blocks":6463,"transactions":798162,"date":"2020-02-12"},{"blocks":6481,"transactions":764763,"date":"2020-02-13"},{"blocks":6493,"transactions":771827,"date":"2020-02-14"},{"blocks":6472,"transactions":699151,"date":"2020-02-15"},{"blocks":6552,"transactions":661490,"date":"2020-02-16"},{"blocks":6447,"transactions":695366,"date":"2020-02-17"},{"blocks":6480,"transactions":733983,"date":"2020-02-18"},{"blocks":6557,"transactions":695837,"date":"2020-02-19"},{"blocks":6480,"transactions":689600,"date":"2020-02-20"},{"blocks":6475,"transactions":670542,"date":"2020-02-21"},{"blocks":6528,"transactions":605859,"date":"2020-02-22"},{"blocks":6532,"transactions":606290,"date":"2020-02-23"},{"blocks":6481,"transactions":687702,"date":"2020-02-24"},{"blocks":6456,"transactions":670257,"date":"2020-02-25"},{"blocks":6528,"transactions":704929,"date":"2020-02-26"},{"blocks":6513,"transactions":714482,"date":"2020-02-27"},{"blocks":6501,"transactions":688694,"date":"2020-02-28"},{"blocks":6519,"transactions":620465,"date":"2020-02-29"},{"blocks":6495,"transactions":628500,"date":"2020-03-01"},{"blocks":6533,"transactions":681477,"date":"2020-03-02"},{"blocks":6501,"transactions":661419,"date":"2020-03-03"},{"blocks":6536,"transactions":663966,"date":"2020-03-04"},{"blocks":6409,"transactions":720114,"date":"2020-03-05"},{"blocks":6568,"transactions":676799,"date":"2020-03-06"},{"blocks":6540,"transactions":630992,"date":"2020-03-07"},{"blocks":6552,"transactions":662565,"date":"2020-03-08"},{"blocks":6431,"transactions":784085,"date":"2020-03-09"},{"blocks":6498,"transactions":760588,"date":"2020-03-10"},{"blocks":6529,"transactions":713065,"date":"2020-03-11"},{"blocks":6448,"transactions":760781,"date":"2020-03-12"},{"blocks":6382,"transactions":847947,"date":"2020-03-13"},{"blocks":6490,"transactions":681830,"date":"2020-03-14"},{"blocks":6513,"transactions":657653,"date":"2020-03-15"},{"blocks":6488,"transactions":784094,"date":"2020-03-16"},{"blocks":6509,"transactions":763100,"date":"2020-03-17"},{"blocks":6531,"transactions":768437,"date":"2020-03-18"},{"blocks":6482,"transactions":864017,"date":"2020-03-19"},{"blocks":6436,"transactions":822158,"date":"2020-03-20"},{"blocks":6444,"transactions":857503,"date":"2020-03-21"},{"blocks":6300,"transactions":746195,"date":"2020-03-22"},{"blocks":6448,"transactions":801238,"date":"2020-03-23"},{"blocks":6348,"transactions":791900,"date":"2020-03-24"},{"blocks":6374,"transactions":765389,"date":"2020-03-25"},{"blocks":6478,"transactions":772649,"date":"2020-03-26"},{"blocks":6554,"transactions":748776,"date":"2020-03-27"},{"blocks":6488,"transactions":667726,"date":"2020-03-28"},{"blocks":6573,"transactions":607984,"date":"2020-03-29"},{"blocks":6460,"transactions":724004,"date":"2020-03-30"},{"blocks":6472,"transactions":731749,"date":"2020-03-31"},{"blocks":6553,"transactions":683007,"date":"2020-04-01"},{"blocks":6484,"transactions":720554,"date":"2020-04-02"},{"blocks":6527,"transactions":722688,"date":"2020-04-03"},{"blocks":6491,"transactions":625952,"date":"2020-04-04"},{"blocks":6507,"transactions":614001,"date":"2020-04-05"},{"blocks":6433,"transactions":771300,"date":"2020-04-06"},{"blocks":6554,"transactions":783472,"date":"2020-04-07"},{"blocks":6502,"transactions":830223,"date":"2020-04-08"},{"blocks":6479,"transactions":727502,"date":"2020-04-09"},{"blocks":6515,"transactions":745643,"date":"2020-04-10"},{"blocks":6412,"transactions":680523,"date":"2020-04-11"},{"blocks":6581,"transactions":678530,"date":"2020-04-12"},{"blocks":6510,"transactions":744306,"date":"2020-04-13"},{"blocks":6482,"transactions":813972,"date":"2020-04-14"},{"blocks":6491,"transactions":792152,"date":"2020-04-15"},{"blocks":6469,"transactions":790334,"date":"2020-04-16"},{"blocks":6445,"transactions":785639,"date":"2020-04-17"},{"blocks":6444,"transactions":783111,"date":"2020-04-18"},{"blocks":6487,"transactions":741675,"date":"2020-04-19"},{"blocks":6496,"transactions":828885,"date":"2020-04-20"},{"blocks":6437,"transactions":812963,"date":"2020-04-21"},{"blocks":6481,"transactions":790519,"date":"2020-04-22"},{"blocks":6454,"transactions":826397,"date":"2020-04-23"},{"blocks":6476,"transactions":846807,"date":"2020-04-24"},{"blocks":6418,"transactions":792299,"date":"2020-04-25"},{"blocks":6458,"transactions":801949,"date":"2020-04-26"},{"blocks":6453,"transactions":841193,"date":"2020-04-27"},{"blocks":6420,"transactions":838453,"date":"2020-04-28"},{"blocks":6526,"transactions":897881,"date":"2020-04-29"},{"blocks":6377,"transactions":899459,"date":"2020-04-30"},{"blocks":6475,"transactions":827138,"date":"2020-05-01"},{"blocks":6471,"transactions":765990,"date":"2020-05-02"},{"blocks":6421,"transactions":789689,"date":"2020-05-03"},{"blocks":6541,"transactions":774035,"date":"2020-05-04"},{"blocks":6506,"transactions":785518,"date":"2020-05-05"},{"blocks":6386,"transactions":833506,"date":"2020-05-06"},{"blocks":6455,"transactions":877129,"date":"2020-05-07"},{"blocks":6486,"transactions":887756,"date":"2020-05-08"},{"blocks":6398,"transactions":894382,"date":"2020-05-09"},{"blocks":6493,"transactions":879153,"date":"2020-05-10"},{"blocks":6435,"transactions":887554,"date":"2020-05-11"},{"blocks":6398,"transactions":880678,"date":"2020-05-12"},{"blocks":6484,"transactions":856962,"date":"2020-05-13"},{"blocks":6455,"transactions":820300,"date":"2020-05-14"},{"blocks":6423,"transactions":888691,"date":"2020-05-15"},{"blocks":6402,"transactions":875030,"date":"2020-05-16"},{"blocks":6471,"transactions":808464,"date":"2020-05-17"},{"blocks":6406,"transactions":857645,"date":"2020-05-18"},{"blocks":6386,"transactions":848038,"date":"2020-05-19"},{"blocks":6455,"transactions":855377,"date":"2020-05-20"},{"blocks":6455,"transactions":867704,"date":"2020-05-21"},{"blocks":6353,"transactions":916282,"date":"2020-05-22"},{"blocks":6513,"transactions":868425,"date":"2020-05-23"},{"blocks":6411,"transactions":825755,"date":"2020-05-24"},{"blocks":6363,"transactions":875607,"date":"2020-05-25"},{"blocks":6478,"transactions":916975,"date":"2020-05-26"},{"blocks":6444,"transactions":896217,"date":"2020-05-27"},{"blocks":6413,"transactions":907265,"date":"2020-05-28"},{"blocks":6434,"transactions":949269,"date":"2020-05-29"},{"blocks":6440,"transactions":881950,"date":"2020-05-30"},{"blocks":6475,"transactions":850103,"date":"2020-05-31"},{"blocks":6401,"transactions":929874,"date":"2020-06-01"},{"blocks":6458,"transactions":980902,"date":"2020-06-02"},{"blocks":6401,"transactions":898364,"date":"2020-06-03"},{"blocks":6427,"transactions":930407,"date":"2020-06-04"},{"blocks":6484,"transactions":901995,"date":"2020-06-05"},{"blocks":6435,"transactions":946196,"date":"2020-06-06"},{"blocks":6466,"transactions":943786,"date":"2020-06-07"},{"blocks":6411,"transactions":966206,"date":"2020-06-08"},{"blocks":6480,"transactions":923075,"date":"2020-06-09"},{"blocks":6372,"transactions":939890,"date":"2020-06-10"},{"blocks":6458,"transactions":925331,"date":"2020-06-11"},{"blocks":6506,"transactions":889318,"date":"2020-06-12"},{"blocks":6488,"transactions":833267,"date":"2020-06-13"},{"blocks":6526,"transactions":785017,"date":"2020-06-14"},{"blocks":6462,"transactions":912281,"date":"2020-06-15"},{"blocks":6435,"transactions":904928,"date":"2020-06-16"},{"blocks":6416,"transactions":879736,"date":"2020-06-17"},{"blocks":6450,"transactions":913845,"date":"2020-06-18"},{"blocks":6503,"transactions":945942,"date":"2020-06-19"},{"blocks":6463,"transactions":941415,"date":"2020-06-20"},{"blocks":6505,"transactions":987058,"date":"2020-06-21"},{"blocks":6455,"transactions":1092083,"date":"2020-06-22"},{"blocks":6442,"transactions":1119442,"date":"2020-06-23"},{"blocks":6483,"transactions":1070862,"date":"2020-06-24"},{"blocks":6450,"transactions":1041742,"date":"2020-06-25"},{"blocks":6448,"transactions":1017505,"date":"2020-06-26"},{"blocks":6365,"transactions":1017138,"date":"2020-06-27"},{"blocks":6522,"transactions":997731,"date":"2020-06-28"},{"blocks":6393,"transactions":1056189,"date":"2020-06-29"},{"blocks":6479,"transactions":1111318,"date":"2020-06-30"},{"blocks":6409,"transactions":1044438,"date":"2020-07-01"},{"blocks":6442,"transactions":1039119,"date":"2020-07-02"},{"blocks":6475,"transactions":1022098,"date":"2020-07-03"},{"blocks":6427,"transactions":946287,"date":"2020-07-04"},{"blocks":6494,"transactions":880075,"date":"2020-07-05"},{"blocks":6457,"transactions":1020012,"date":"2020-07-06"},{"blocks":6492,"transactions":1064506,"date":"2020-07-07"},{"blocks":6506,"transactions":1092210,"date":"2020-07-08"},{"blocks":6430,"transactions":1070343,"date":"2020-07-09"},{"blocks":6406,"transactions":1034806,"date":"2020-07-10"},{"blocks":6533,"transactions":982930,"date":"2020-07-11"},{"blocks":6491,"transactions":997960,"date":"2020-07-12"},{"blocks":6493,"transactions":1151834,"date":"2020-07-13"},{"blocks":6406,"transactions":1098661,"date":"2020-07-14"},{"blocks":6465,"transactions":1111360,"date":"2020-07-15"},{"blocks":6414,"transactions":1068620,"date":"2020-07-16"},{"blocks":6454,"transactions":1078101,"date":"2020-07-17"},{"blocks":6526,"transactions":1071509,"date":"2020-07-18"},{"blocks":6451,"transactions":1082448,"date":"2020-07-19"},{"blocks":6436,"transactions":1143700,"date":"2020-07-20"},{"blocks":6380,"transactions":1120095,"date":"2020-07-21"},{"blocks":6460,"transactions":1138040,"date":"2020-07-22"},{"blocks":6522,"transactions":1147143,"date":"2020-07-23"},{"blocks":6502,"transactions":1146282,"date":"2020-07-24"},{"blocks":6355,"transactions":1175506,"date":"2020-07-25"},{"blocks":6488,"transactions":1137893,"date":"2020-07-26"},{"blocks":6444,"transactions":1261456,"date":"2020-07-27"},{"blocks":6476,"transactions":1222353,"date":"2020-07-28"},{"blocks":6512,"transactions":1163851,"date":"2020-07-29"},{"blocks":6386,"transactions":1164479,"date":"2020-07-30"},{"blocks":6479,"transactions":1218838,"date":"2020-07-31"},{"blocks":6517,"transactions":1171566,"date":"2020-08-01"},{"blocks":6486,"transactions":1125886,"date":"2020-08-02"},{"blocks":6476,"transactions":1176793,"date":"2020-08-03"},{"blocks":6405,"transactions":1164208,"date":"2020-08-04"},{"blocks":6457,"transactions":1182699,"date":"2020-08-05"},{"blocks":6515,"transactions":1215885,"date":"2020-08-06"},{"blocks":6483,"transactions":1249695,"date":"2020-08-07"},{"blocks":6457,"transactions":1182406,"date":"2020-08-08"},{"blocks":6530,"transactions":1229151,"date":"2020-08-09"},{"blocks":6482,"transactions":1289980,"date":"2020-08-10"},{"blocks":6468,"transactions":1254244,"date":"2020-08-11"},{"blocks":6507,"transactions":1229214,"date":"2020-08-12"},{"blocks":6479,"transactions":1209139,"date":"2020-08-13"},{"blocks":6504,"transactions":1201546,"date":"2020-08-14"},{"blocks":6475,"transactions":1107833,"date":"2020-08-15"},{"blocks":6505,"transactions":1152369,"date":"2020-08-16"},{"blocks":6398,"transactions":1181976,"date":"2020-08-17"},{"blocks":6561,"transactions":1229256,"date":"2020-08-18"},{"blocks":6507,"transactions":1216891,"date":"2020-08-19"},{"blocks":6534,"transactions":1182994,"date":"2020-08-20"},{"blocks":6490,"transactions":1256752,"date":"2020-08-21"},{"blocks":6456,"transactions":1102479,"date":"2020-08-22"},{"blocks":6577,"transactions":1122524,"date":"2020-08-23"},{"blocks":6516,"transactions":1162182,"date":"2020-08-24"},{"blocks":6425,"transactions":1138199,"date":"2020-08-25"},{"blocks":6569,"transactions":1166218,"date":"2020-08-26"},{"blocks":6497,"transactions":1136576,"date":"2020-08-27"},{"blocks":6533,"transactions":1131912,"date":"2020-08-28"},{"blocks":6508,"transactions":1130992,"date":"2020-08-29"},{"blocks":6531,"transactions":1142415,"date":"2020-08-30"},{"blocks":6592,"transactions":1235856,"date":"2020-08-31"},{"blocks":6531,"transactions":1245701,"date":"2020-09-01"},{"blocks":6491,"transactions":1181212,"date":"2020-09-02"},{"blocks":6463,"transactions":1149636,"date":"2020-09-03"},{"blocks":6607,"transactions":1141207,"date":"2020-09-04"},{"blocks":6542,"transactions":1040906,"date":"2020-09-05"},{"blocks":6611,"transactions":1026667,"date":"2020-09-06"},{"blocks":6470,"transactions":1051480,"date":"2020-09-07"},{"blocks":6523,"transactions":1026700,"date":"2020-09-08"},{"blocks":6490,"transactions":1052603,"date":"2020-09-09"},{"blocks":6510,"transactions":1120964,"date":"2020-09-10"},{"blocks":6571,"transactions":1074413,"date":"2020-09-11"},{"blocks":6501,"transactions":1034584,"date":"2020-09-12"},{"blocks":6545,"transactions":1042047,"date":"2020-09-13"},{"blocks":6458,"transactions":1079688,"date":"2020-09-14"},{"blocks":6551,"transactions":1089837,"date":"2020-09-15"},{"blocks":6454,"transactions":1035013,"date":"2020-09-16"},{"blocks":6590,"transactions":1406016,"date":"2020-09-17"},{"blocks":6435,"transactions":1244808,"date":"2020-09-18"},{"blocks":6526,"transactions":1090001,"date":"2020-09-19"},{"blocks":6593,"transactions":1095309,"date":"2020-09-20"},{"blocks":6567,"transactions":1133662,"date":"2020-09-21"},{"blocks":6439,"transactions":1081497,"date":"2020-09-22"},{"blocks":6527,"transactions":1084100,"date":"2020-09-23"},{"blocks":6513,"transactions":1087537,"date":"2020-09-24"},{"blocks":6452,"transactions":1034790,"date":"2020-09-25"},{"blocks":6426,"transactions":984559,"date":"2020-09-26"},{"blocks":6368,"transactions":966479,"date":"2020-09-27"},{"blocks":6404,"transactions":1080187,"date":"2020-09-28"},{"blocks":6387,"transactions":1088234,"date":"2020-09-29"},{"blocks":6404,"transactions":1079040,"date":"2020-09-30"},{"blocks":6425,"transactions":1018741,"date":"2020-10-01"},{"blocks":6361,"transactions":1002138,"date":"2020-10-02"},{"blocks":6375,"transactions":956528,"date":"2020-10-03"},{"blocks":6373,"transactions":985452,"date":"2020-10-04"},{"blocks":6446,"transactions":1027690,"date":"2020-10-05"},{"blocks":6472,"transactions":1083502,"date":"2020-10-06"},{"blocks":6337,"transactions":1035384,"date":"2020-10-07"},{"blocks":6301,"transactions":1019446,"date":"2020-10-08"},{"blocks":6378,"transactions":1049571,"date":"2020-10-09"},{"blocks":6509,"transactions":1036351,"date":"2020-10-10"},{"blocks":6569,"transactions":1004701,"date":"2020-10-11"},{"blocks":6457,"transactions":1092162,"date":"2020-10-12"},{"blocks":6574,"transactions":1127396,"date":"2020-10-13"},{"blocks":6538,"transactions":1093927,"date":"2020-10-14"},{"blocks":6565,"transactions":1249576,"date":"2020-10-15"},{"blocks":6496,"transactions":1161135,"date":"2020-10-16"},{"blocks":6527,"transactions":1051772,"date":"2020-10-17"},{"blocks":6450,"transactions":995711,"date":"2020-10-18"},{"blocks":6594,"transactions":1128930,"date":"2020-10-19"},{"blocks":6505,"transactions":1105678,"date":"2020-10-20"},{"blocks":6513,"transactions":1159354,"date":"2020-10-21"},{"blocks":6538,"transactions":1189043,"date":"2020-10-22"},{"blocks":6474,"transactions":1132837,"date":"2020-10-23"},{"blocks":6582,"transactions":1012156,"date":"2020-10-24"},{"blocks":6479,"transactions":965206,"date":"2020-10-25"},{"blocks":6466,"transactions":1086139,"date":"2020-10-26"},{"blocks":6545,"transactions":1078466,"date":"2020-10-27"},{"blocks":6551,"transactions":1139608,"date":"2020-10-28"},{"blocks":6526,"transactions":1107849,"date":"2020-10-29"},{"blocks":6491,"transactions":1111013,"date":"2020-10-30"},{"blocks":6526,"transactions":1089587,"date":"2020-10-31"},{"blocks":6511,"transactions":1050753,"date":"2020-11-01"},{"blocks":6474,"transactions":1156870,"date":"2020-11-02"},{"blocks":6518,"transactions":1119359,"date":"2020-11-03"},{"blocks":6527,"transactions":1137324,"date":"2020-11-04"},{"blocks":6514,"transactions":1128431,"date":"2020-11-05"},{"blocks":6539,"transactions":1171971,"date":"2020-11-06"},{"blocks":6500,"transactions":1131722,"date":"2020-11-07"},{"blocks":6538,"transactions":1016465,"date":"2020-11-08"},{"blocks":6507,"transactions":1147695,"date":"2020-11-09"},{"blocks":6452,"transactions":1157455,"date":"2020-11-10"},{"blocks":6528,"transactions":1096582,"date":"2020-11-11"},{"blocks":6512,"transactions":1099253,"date":"2020-11-12"},{"blocks":6534,"transactions":1156377,"date":"2020-11-13"},{"blocks":6542,"transactions":1067063,"date":"2020-11-14"},{"blocks":6546,"transactions":1037428,"date":"2020-11-15"},{"blocks":6476,"transactions":1105512,"date":"2020-11-16"},{"blocks":6525,"transactions":1173012,"date":"2020-11-17"},{"blocks":6456,"transactions":1120798,"date":"2020-11-18"},{"blocks":6609,"transactions":1122748,"date":"2020-11-19"},{"blocks":6452,"transactions":1162871,"date":"2020-11-20"},{"blocks":6566,"transactions":1172183,"date":"2020-11-21"},{"blocks":6509,"transactions":1148006,"date":"2020-11-22"},{"blocks":6451,"transactions":1213632,"date":"2020-11-23"},{"blocks":6567,"transactions":1240072,"date":"2020-11-24"},{"blocks":6469,"transactions":1205924,"date":"2020-11-25"},{"blocks":6533,"transactions":1173330,"date":"2020-11-26"},{"blocks":6417,"transactions":1102889,"date":"2020-11-27"},{"blocks":6599,"transactions":992335,"date":"2020-11-28"},{"blocks":6512,"transactions":993930,"date":"2020-11-29"},{"blocks":6570,"transactions":1183915,"date":"2020-11-30"},{"blocks":6519,"transactions":1172361,"date":"2020-12-01"},{"blocks":6441,"transactions":1071389,"date":"2020-12-02"},{"blocks":6559,"transactions":1114178,"date":"2020-12-03"},{"blocks":6449,"transactions":1134337,"date":"2020-12-04"},{"blocks":6495,"transactions":1055722,"date":"2020-12-05"},{"blocks":6558,"transactions":1034515,"date":"2020-12-06"},{"blocks":6465,"transactions":1102501,"date":"2020-12-07"},{"blocks":6484,"transactions":1149816,"date":"2020-12-08"},{"blocks":6603,"transactions":1150822,"date":"2020-12-09"},{"blocks":6425,"transactions":1092429,"date":"2020-12-10"},{"blocks":6486,"transactions":1122160,"date":"2020-12-11"},{"blocks":6491,"transactions":1092064,"date":"2020-12-12"},{"blocks":6487,"transactions":1142703,"date":"2020-12-13"},{"blocks":6524,"transactions":1241593,"date":"2020-12-14"},{"blocks":6489,"transactions":1215285,"date":"2020-12-15"},{"blocks":6535,"transactions":1261767,"date":"2020-12-16"},{"blocks":6540,"transactions":1342281,"date":"2020-12-17"},{"blocks":6491,"transactions":1193950,"date":"2020-12-18"},{"blocks":6514,"transactions":1162872,"date":"2020-12-19"},{"blocks":6542,"transactions":1074305,"date":"2020-12-20"},{"blocks":6504,"transactions":1146949,"date":"2020-12-21"},{"blocks":6502,"transactions":1147101,"date":"2020-12-22"},{"blocks":6597,"transactions":1254308,"date":"2020-12-23"},{"blocks":6470,"transactions":1142743,"date":"2020-12-24"},{"blocks":6435,"transactions":1140417,"date":"2020-12-25"},{"blocks":6583,"transactions":1139562,"date":"2020-12-26"},{"blocks":6508,"transactions":1177372,"date":"2020-12-27"},{"blocks":6597,"transactions":1256783,"date":"2020-12-28"},{"blocks":6410,"transactions":1206703,"date":"2020-12-29"},{"blocks":6544,"transactions":1227653,"date":"2020-12-30"},{"blocks":6502,"transactions":1163876,"date":"2020-12-31"},{"blocks":6545,"transactions":1136712,"date":"2021-01-01"},{"blocks":6601,"transactions":1170839,"date":"2021-01-02"},{"blocks":6476,"transactions":1234419,"date":"2021-01-03"},{"blocks":6517,"transactions":1275169,"date":"2021-01-04"},{"blocks":6532,"transactions":1258441,"date":"2021-01-05"},{"blocks":6485,"transactions":1280434,"date":"2021-01-06"},{"blocks":6436,"transactions":1298568,"date":"2021-01-07"},{"blocks":6593,"transactions":1288953,"date":"2021-01-08"},{"blocks":6476,"transactions":1231759,"date":"2021-01-09"},{"blocks":6554,"transactions":1210603,"date":"2021-01-10"},{"blocks":6528,"transactions":1280285,"date":"2021-01-11"},{"blocks":6555,"transactions":1165508,"date":"2021-01-12"},{"blocks":6561,"transactions":1126532,"date":"2021-01-13"},{"blocks":6406,"transactions":1184604,"date":"2021-01-14"},{"blocks":6581,"transactions":1227187,"date":"2021-01-15"},{"blocks":6508,"transactions":1193339,"date":"2021-01-16"},{"blocks":6494,"transactions":1133096,"date":"2021-01-17"},{"blocks":6496,"transactions":1217953,"date":"2021-01-18"},{"blocks":6533,"transactions":1252236,"date":"2021-01-19"},{"blocks":6578,"transactions":1213930,"date":"2021-01-20"},{"blocks":6478,"transactions":1178190,"date":"2021-01-21"},{"blocks":6481,"transactions":1182794,"date":"2021-01-22"},{"blocks":6541,"transactions":1140666,"date":"2021-01-23"},{"blocks":6481,"transactions":1117744,"date":"2021-01-24"},{"blocks":6524,"transactions":1207263,"date":"2021-01-25"},{"blocks":6514,"transactions":1194595,"date":"2021-01-26"},{"blocks":6468,"transactions":1140980,"date":"2021-01-27"},{"blocks":6498,"transactions":1190834,"date":"2021-01-28"},{"blocks":6453,"transactions":1293963,"date":"2021-01-29"},{"blocks":6390,"transactions":1218241,"date":"2021-01-30"},{"blocks":6637,"transactions":1244924,"date":"2021-01-31"},{"blocks":6489,"transactions":1300451,"date":"2021-02-01"},{"blocks":6494,"transactions":1302891,"date":"2021-02-02"},{"blocks":6484,"transactions":1314906,"date":"2021-02-03"},{"blocks":6516,"transactions":1309863,"date":"2021-02-04"},{"blocks":6447,"transactions":1316904,"date":"2021-02-05"},{"blocks":6519,"transactions":1227828,"date":"2021-02-06"},{"blocks":6554,"transactions":1230638,"date":"2021-02-07"},{"blocks":6468,"transactions":1275739,"date":"2021-02-08"},{"blocks":6485,"transactions":1327544,"date":"2021-02-09"},{"blocks":6528,"transactions":1320357,"date":"2021-02-10"},{"blocks":6517,"transactions":1270521,"date":"2021-02-11"},{"blocks":6524,"transactions":1290300,"date":"2021-02-12"},{"blocks":6423,"transactions":1252364,"date":"2021-02-13"},{"blocks":6559,"transactions":1206665,"date":"2021-02-14"},{"blocks":6496,"transactions":1210500,"date":"2021-02-15"},{"blocks":6485,"transactions":1217916,"date":"2021-02-16"},{"blocks":6549,"transactions":1258503,"date":"2021-02-17"},{"blocks":6447,"transactions":1298425,"date":"2021-02-18"},{"blocks":6577,"transactions":1323618,"date":"2021-02-19"},{"blocks":6495,"transactions":1337507,"date":"2021-02-20"},{"blocks":6485,"transactions":1233518,"date":"2021-02-21"},{"blocks":6496,"transactions":1312178,"date":"2021-02-22"},{"blocks":6502,"transactions":1302882,"date":"2021-02-23"},{"blocks":6469,"transactions":1285208,"date":"2021-02-24"},{"blocks":6515,"transactions":1232758,"date":"2021-02-25"},{"blocks":6542,"transactions":1236241,"date":"2021-02-26"},{"blocks":6489,"transactions":1202432,"date":"2021-02-27"},{"blocks":6467,"transactions":1179859,"date":"2021-02-28"},{"blocks":6476,"transactions":1185925,"date":"2021-03-01"},{"blocks":6550,"transactions":1240182,"date":"2021-03-02"},{"blocks":6408,"transactions":1235048,"date":"2021-03-03"},{"blocks":6515,"transactions":1234903,"date":"2021-03-04"},{"blocks":6525,"transactions":1208640,"date":"2021-03-05"},{"blocks":6563,"transactions":1160519,"date":"2021-03-06"},{"blocks":6477,"transactions":1180104,"date":"2021-03-07"},{"blocks":6500,"transactions":1216417,"date":"2021-03-08"},{"blocks":6433,"transactions":1275347,"date":"2021-03-09"},{"blocks":6532,"transactions":1256065,"date":"2021-03-10"},{"blocks":6415,"transactions":1284767,"date":"2021-03-11"},{"blocks":6470,"transactions":1325679,"date":"2021-03-12"},{"blocks":6512,"transactions":1293352,"date":"2021-03-13"},{"blocks":6522,"transactions":1277890,"date":"2021-03-14"},{"blocks":6437,"transactions":1321388,"date":"2021-03-15"},{"blocks":6520,"transactions":1308992,"date":"2021-03-16"},{"blocks":6484,"transactions":1272298,"date":"2021-03-17"},{"blocks":6501,"transactions":1299760,"date":"2021-03-18"},{"blocks":6506,"transactions":1291231,"date":"2021-03-19"},{"blocks":6527,"transactions":1262309,"date":"2021-03-20"},{"blocks":6421,"transactions":1206064,"date":"2021-03-21"},{"blocks":6490,"transactions":1307460,"date":"2021-03-22"},{"blocks":6505,"transactions":1298959,"date":"2021-03-23"},{"blocks":6484,"transactions":1309468,"date":"2021-03-24"},{"blocks":6514,"transactions":1349663,"date":"2021-03-25"},{"blocks":6539,"transactions":1265836,"date":"2021-03-26"},{"blocks":6485,"transactions":1230764,"date":"2021-03-27"},{"blocks":6493,"transactions":1211918,"date":"2021-03-28"},{"blocks":6511,"transactions":1269901,"date":"2021-03-29"},{"blocks":6518,"transactions":1300973,"date":"2021-03-30"},{"blocks":6452,"transactions":1354603,"date":"2021-03-31"},{"blocks":6516,"transactions":1368006,"date":"2021-04-01"},{"blocks":6454,"transactions":1358619,"date":"2021-04-02"},{"blocks":6527,"transactions":1293333,"date":"2021-04-03"},{"blocks":6561,"transactions":1197875,"date":"2021-04-04"},{"blocks":6510,"transactions":1296946,"date":"2021-04-05"},{"blocks":6483,"transactions":1335799,"date":"2021-04-06"},{"blocks":6537,"transactions":1312638,"date":"2021-04-07"},{"blocks":6455,"transactions":1284449,"date":"2021-04-08"},{"blocks":6457,"transactions":1300882,"date":"2021-04-09"},{"blocks":6582,"transactions":1315016,"date":"2021-04-10"},{"blocks":6546,"transactions":1256904,"date":"2021-04-11"},{"blocks":6516,"transactions":1347983,"date":"2021-04-12"},{"blocks":6474,"transactions":1350467,"date":"2021-04-13"},{"blocks":6449,"transactions":1386341,"date":"2021-04-14"},{"blocks":6500,"transactions":1197340,"date":"2021-04-15"},{"blocks":6433,"transactions":1426977,"date":"2021-04-16"},{"blocks":6467,"transactions":1453000,"date":"2021-04-17"},{"blocks":6501,"transactions":1396766,"date":"2021-04-18"},{"blocks":6400,"transactions":1476842,"date":"2021-04-19"},{"blocks":6580,"transactions":1555560,"date":"2021-04-20"},{"blocks":6519,"transactions":1565355,"date":"2021-04-21"},{"blocks":6417,"transactions":1577266,"date":"2021-04-22"},{"blocks":6450,"transactions":1537100,"date":"2021-04-23"},{"blocks":6500,"transactions":1389103,"date":"2021-04-24"},{"blocks":6509,"transactions":1389350,"date":"2021-04-25"},{"blocks":6471,"transactions":1448466,"date":"2021-04-26"},{"blocks":6488,"transactions":1448293,"date":"2021-04-27"},{"blocks":6463,"transactions":1517604,"date":"2021-04-28"},{"blocks":6484,"transactions":1530717,"date":"2021-04-29"},{"blocks":6451,"transactions":1441230,"date":"2021-04-30"},{"blocks":6489,"transactions":1427568,"date":"2021-05-01"},{"blocks":6418,"transactions":1417458,"date":"2021-05-02"},{"blocks":6507,"transactions":1488804,"date":"2021-05-03"},{"blocks":6504,"transactions":1536119,"date":"2021-05-04"},{"blocks":6518,"transactions":1518877,"date":"2021-05-05"},{"blocks":6466,"transactions":1532197,"date":"2021-05-06"},{"blocks":6447,"transactions":1527890,"date":"2021-05-07"},{"blocks":6486,"transactions":1710882,"date":"2021-05-08"},{"blocks":6478,"transactions":1716600,"date":"2021-05-09"},{"blocks":6517,"transactions":1716489,"date":"2021-05-10"},{"blocks":6447,"transactions":1716051,"date":"2021-05-11"},{"blocks":6439,"transactions":1624077,"date":"2021-05-12"},{"blocks":6538,"transactions":1588560,"date":"2021-05-13"},{"blocks":6477,"transactions":1531689,"date":"2021-05-14"},{"blocks":6474,"transactions":1472680,"date":"2021-05-15"},{"blocks":6458,"transactions":1425115,"date":"2021-05-16"},{"blocks":6419,"transactions":1446627,"date":"2021-05-17"},{"blocks":6463,"transactions":1425053,"date":"2021-05-18"},{"blocks":6423,"transactions":1461174,"date":"2021-05-19"},{"blocks":6463,"transactions":1459146,"date":"2021-05-20"},{"blocks":6410,"transactions":1367394,"date":"2021-05-21"},{"blocks":6462,"transactions":1283663,"date":"2021-05-22"},{"blocks":6454,"transactions":1264253,"date":"2021-05-23"},{"blocks":6487,"transactions":1312739,"date":"2021-05-24"},{"blocks":6404,"transactions":1289446,"date":"2021-05-25"},{"blocks":6431,"transactions":1326432,"date":"2021-05-26"},{"blocks":6425,"transactions":1291385,"date":"2021-05-27"},{"blocks":6463,"transactions":1305078,"date":"2021-05-28"},{"blocks":6467,"transactions":1293425,"date":"2021-05-29"},{"blocks":6417,"transactions":1280282,"date":"2021-05-30"},{"blocks":6423,"transactions":1297889,"date":"2021-05-31"},{"blocks":6478,"transactions":1274354,"date":"2021-06-01"},{"blocks":6506,"transactions":1314178,"date":"2021-06-02"},{"blocks":6404,"transactions":1337711,"date":"2021-06-03"},{"blocks":6519,"transactions":1301803,"date":"2021-06-04"},{"blocks":6434,"transactions":1176676,"date":"2021-06-05"},{"blocks":6532,"transactions":1134526,"date":"2021-06-06"},{"blocks":6431,"transactions":1225549,"date":"2021-06-07"},{"blocks":6475,"transactions":1221063,"date":"2021-06-08"},{"blocks":6437,"transactions":1194275,"date":"2021-06-09"},{"blocks":6462,"transactions":1188556,"date":"2021-06-10"},{"blocks":6454,"transactions":1183286,"date":"2021-06-11"},{"blocks":6434,"transactions":1131777,"date":"2021-06-12"},{"blocks":6473,"transactions":1124736,"date":"2021-06-13"},{"blocks":6431,"transactions":1188556,"date":"2021-06-14"},{"blocks":6505,"transactions":1224101,"date":"2021-06-15"},{"blocks":6399,"transactions":1201109,"date":"2021-06-16"},{"blocks":6472,"transactions":1218956,"date":"2021-06-17"},{"blocks":6405,"transactions":1170182,"date":"2021-06-18"},{"blocks":6426,"transactions":1050189,"date":"2021-06-19"},{"blocks":6469,"transactions":1057288,"date":"2021-06-20"},{"blocks":6316,"transactions":1209567,"date":"2021-06-21"},{"blocks":6437,"transactions":1297644,"date":"2021-06-22"},{"blocks":6429,"transactions":1201974,"date":"2021-06-23"},{"blocks":6418,"transactions":1207012,"date":"2021-06-24"},{"blocks":6342,"transactions":1227331,"date":"2021-06-25"},{"blocks":6427,"transactions":1150460,"date":"2021-06-26"},{"blocks":6448,"transactions":1104703,"date":"2021-06-27"},{"blocks":6466,"transactions":1404100,"date":"2021-06-28"},{"blocks":6406,"transactions":1264320,"date":"2021-06-29"},{"blocks":6455,"transactions":1212214,"date":"2021-06-30"},{"blocks":6350,"transactions":1211710,"date":"2021-07-01"},{"blocks":6437,"transactions":1181574,"date":"2021-07-02"},{"blocks":6417,"transactions":1122543,"date":"2021-07-03"},{"blocks":6458,"transactions":1105343,"date":"2021-07-04"},{"blocks":6419,"transactions":1147895,"date":"2021-07-05"},{"blocks":6425,"transactions":1355421,"date":"2021-07-06"},{"blocks":6390,"transactions":1290979,"date":"2021-07-07"},{"blocks":6450,"transactions":1262627,"date":"2021-07-08"},{"blocks":6406,"transactions":1223691,"date":"2021-07-09"},{"blocks":6447,"transactions":1139265,"date":"2021-07-10"},{"blocks":6423,"transactions":1101766,"date":"2021-07-11"},{"blocks":6377,"transactions":1191465,"date":"2021-07-12"},{"blocks":6307,"transactions":1183412,"date":"2021-07-13"},{"blocks":6390,"transactions":1223130,"date":"2021-07-14"},{"blocks":6427,"transactions":1259972,"date":"2021-07-15"},{"blocks":6339,"transactions":1199018,"date":"2021-07-16"},{"blocks":6357,"transactions":1164624,"date":"2021-07-17"},{"blocks":6371,"transactions":1168843,"date":"2021-07-18"},{"blocks":6435,"transactions":1195218,"date":"2021-07-19"},{"blocks":6339,"transactions":1192750,"date":"2021-07-20"},{"blocks":6414,"transactions":1195171,"date":"2021-07-21"},{"blocks":6422,"transactions":1202844,"date":"2021-07-22"},{"blocks":6346,"transactions":1203397,"date":"2021-07-23"},{"blocks":6457,"transactions":1225509,"date":"2021-07-24"},{"blocks":6401,"transactions":1128848,"date":"2021-07-25"},{"blocks":6338,"transactions":1260619,"date":"2021-07-26"},{"blocks":6277,"transactions":1318124,"date":"2021-07-27"},{"blocks":6291,"transactions":1300283,"date":"2021-07-28"},{"blocks":6356,"transactions":1259128,"date":"2021-07-29"},{"blocks":6267,"transactions":1242337,"date":"2021-07-30"},{"blocks":6298,"transactions":1212322,"date":"2021-07-31"},{"blocks":6314,"transactions":1190618,"date":"2021-08-01"},{"blocks":6396,"transactions":1269470,"date":"2021-08-02"},{"blocks":6346,"transactions":1219663,"date":"2021-08-03"},{"blocks":6322,"transactions":1223841,"date":"2021-08-04"},{"blocks":6349,"transactions":1159663,"date":"2021-08-05"},{"blocks":6451,"transactions":1212021,"date":"2021-08-06"},{"blocks":6549,"transactions":1198433,"date":"2021-08-07"},{"blocks":6496,"transactions":1184278,"date":"2021-08-08"},{"blocks":6505,"transactions":1218594,"date":"2021-08-09"},{"blocks":6507,"transactions":1212289,"date":"2021-08-10"},{"blocks":6401,"transactions":1234409,"date":"2021-08-11"},{"blocks":6510,"transactions":1195283,"date":"2021-08-12"},{"blocks":6474,"transactions":1197050,"date":"2021-08-13"},{"blocks":6500,"transactions":1159942,"date":"2021-08-14"},{"blocks":6420,"transactions":1125295,"date":"2021-08-15"},{"blocks":6500,"transactions":1253968,"date":"2021-08-16"},{"blocks":6516,"transactions":1252163,"date":"2021-08-17"},{"blocks":6399,"transactions":1201544,"date":"2021-08-18"},{"blocks":6565,"transactions":1255453,"date":"2021-08-19"},{"blocks":6459,"transactions":1260054,"date":"2021-08-20"},{"blocks":6431,"transactions":1186758,"date":"2021-08-21"},{"blocks":6521,"transactions":1183893,"date":"2021-08-22"},{"blocks":6409,"transactions":1245624,"date":"2021-08-23"},{"blocks":6509,"transactions":1247051,"date":"2021-08-24"},{"blocks":6439,"transactions":1184780,"date":"2021-08-25"},{"blocks":6504,"transactions":1175063,"date":"2021-08-26"},{"blocks":6431,"transactions":1119072,"date":"2021-08-27"},{"blocks":6460,"transactions":1131721,"date":"2021-08-28"},{"blocks":6489,"transactions":1147150,"date":"2021-08-29"},{"blocks":6472,"transactions":1198993,"date":"2021-08-30"},{"blocks":6443,"transactions":1206314,"date":"2021-08-31"},{"blocks":6455,"transactions":1225104,"date":"2021-09-01"},{"blocks":6541,"transactions":1261258,"date":"2021-09-02"},{"blocks":6466,"transactions":1198777,"date":"2021-09-03"},{"blocks":6429,"transactions":1189085,"date":"2021-09-04"},{"blocks":6529,"transactions":1136467,"date":"2021-09-05"},{"blocks":6459,"transactions":1206493,"date":"2021-09-06"},{"blocks":6417,"transactions":1308071,"date":"2021-09-07"},{"blocks":6495,"transactions":1178449,"date":"2021-09-08"},{"blocks":6466,"transactions":1219850,"date":"2021-09-09"},{"blocks":6459,"transactions":1244706,"date":"2021-09-10"},{"blocks":6396,"transactions":1249438,"date":"2021-09-11"},{"blocks":6538,"transactions":1211328,"date":"2021-09-12"},{"blocks":6412,"transactions":1267491,"date":"2021-09-13"},{"blocks":6461,"transactions":1231240,"date":"2021-09-14"},{"blocks":6454,"transactions":1207590,"date":"2021-09-15"},{"blocks":6492,"transactions":1224358,"date":"2021-09-16"},{"blocks":6467,"transactions":1187578,"date":"2021-09-17"},{"blocks":6451,"transactions":1143196,"date":"2021-09-18"},{"blocks":6508,"transactions":1128226,"date":"2021-09-19"},{"blocks":6432,"transactions":1174559,"date":"2021-09-20"},{"blocks":6496,"transactions":1193295,"date":"2021-09-21"},{"blocks":6437,"transactions":1174030,"date":"2021-09-22"},{"blocks":6411,"transactions":1193053,"date":"2021-09-23"},{"blocks":6455,"transactions":1152685,"date":"2021-09-24"},{"blocks":6573,"transactions":1121078,"date":"2021-09-25"},{"blocks":6402,"transactions":1088537,"date":"2021-09-26"},{"blocks":6454,"transactions":1133903,"date":"2021-09-27"},{"blocks":6358,"transactions":1108122,"date":"2021-09-28"},{"blocks":6412,"transactions":1135869,"date":"2021-09-29"},{"blocks":6338,"transactions":1116157,"date":"2021-09-30"},{"blocks":6485,"transactions":1207263,"date":"2021-10-01"},{"blocks":6388,"transactions":1117899,"date":"2021-10-02"},{"blocks":6363,"transactions":1130224,"date":"2021-10-03"},{"blocks":6366,"transactions":1121513,"date":"2021-10-04"},{"blocks":6411,"transactions":1235674,"date":"2021-10-05"},{"blocks":6427,"transactions":1337833,"date":"2021-10-06"},{"blocks":6324,"transactions":1344295,"date":"2021-10-07"},{"blocks":6417,"transactions":1287034,"date":"2021-10-08"},{"blocks":6349,"transactions":1191856,"date":"2021-10-09"},{"blocks":6375,"transactions":1137901,"date":"2021-10-10"},{"blocks":6382,"transactions":1183486,"date":"2021-10-11"},{"blocks":6353,"transactions":1203566,"date":"2021-10-12"},{"blocks":6320,"transactions":1189854,"date":"2021-10-13"},{"blocks":6330,"transactions":1227097,"date":"2021-10-14"},{"blocks":6318,"transactions":1302993,"date":"2021-10-15"},{"blocks":6446,"transactions":1181031,"date":"2021-10-16"},{"blocks":6385,"transactions":1144184,"date":"2021-10-17"},{"blocks":6316,"transactions":1197673,"date":"2021-10-18"},{"blocks":6440,"transactions":1243503,"date":"2021-10-19"},{"blocks":6354,"transactions":1259885,"date":"2021-10-20"},{"blocks":6487,"transactions":1277275,"date":"2021-10-21"},{"blocks":6411,"transactions":1256044,"date":"2021-10-22"},{"blocks":6348,"transactions":1235169,"date":"2021-10-23"},{"blocks":6359,"transactions":1261312,"date":"2021-10-24"},{"blocks":6418,"transactions":1299495,"date":"2021-10-25"},{"blocks":6414,"transactions":1344772,"date":"2021-10-26"},{"blocks":6345,"transactions":1370504,"date":"2021-10-27"},{"blocks":6408,"transactions":1510502,"date":"2021-10-28"},{"blocks":6368,"transactions":1456333,"date":"2021-10-29"},{"blocks":6345,"transactions":1379095,"date":"2021-10-30"},{"blocks":6317,"transactions":1304184,"date":"2021-10-31"},{"blocks":6423,"transactions":1341733,"date":"2021-11-01"},{"blocks":6308,"transactions":1395656,"date":"2021-11-02"},{"blocks":6385,"transactions":1417221,"date":"2021-11-03"},{"blocks":6282,"transactions":1352186,"date":"2021-11-04"},{"blocks":6446,"transactions":1339661,"date":"2021-11-05"},{"blocks":6339,"transactions":1255921,"date":"2021-11-06"},{"blocks":6452,"transactions":1276998,"date":"2021-11-07"},{"blocks":6346,"transactions":1329018,"date":"2021-11-08"},{"blocks":6372,"transactions":1334145,"date":"2021-11-09"},{"blocks":6382,"transactions":1390746,"date":"2021-11-10"},{"blocks":6373,"transactions":1347643,"date":"2021-11-11"},{"blocks":6421,"transactions":1345131,"date":"2021-11-12"},{"blocks":6326,"transactions":1300464,"date":"2021-11-13"},{"blocks":6345,"transactions":1275744,"date":"2021-11-14"},{"blocks":6319,"transactions":1289636,"date":"2021-11-15"},{"blocks":6254,"transactions":1310153,"date":"2021-11-16"},{"blocks":6390,"transactions":1353219,"date":"2021-11-17"},{"blocks":6372,"transactions":1284250,"date":"2021-11-18"},{"blocks":6232,"transactions":1255788,"date":"2021-11-19"},{"blocks":6295,"transactions":1160128,"date":"2021-11-20"},{"blocks":6287,"transactions":1260939,"date":"2021-11-21"},{"blocks":6367,"transactions":1221508,"date":"2021-11-22"},{"blocks":6339,"transactions":1264994,"date":"2021-11-23"},{"blocks":6304,"transactions":1342491,"date":"2021-11-24"},{"blocks":6303,"transactions":1301578,"date":"2021-11-25"},{"blocks":6218,"transactions":1297524,"date":"2021-11-26"},{"blocks":6386,"transactions":1213284,"date":"2021-11-27"},{"blocks":6256,"transactions":1135653,"date":"2021-11-28"}]