[{"blocks":45580,"transactions":3779619,"date_range":"2020-02-02"},{"blocks":45529,"transactions":4279484,"date_range":"2020-02-09"},{"blocks":45587,"transactions":5073433,"date_range":"2020-02-16"},{"blocks":45499,"transactions":4697477,"date_range":"2020-02-23"},{"blocks":45493,"transactions":4715029,"date_range":"2020-03-01"},{"blocks":45639,"transactions":4697332,"date_range":"2020-03-08"},{"blocks":45291,"transactions":5205949,"date_range":"2020-03-15"},{"blocks":45190,"transactions":5605504,"date_range":"2020-03-22"},{"blocks":45263,"transactions":5155662,"date_range":"2020-03-29"},{"blocks":45494,"transactions":4821955,"date_range":"2020-04-05"},{"blocks":45476,"transactions":5217193,"date_range":"2020-04-12"},{"blocks":45328,"transactions":5451189,"date_range":"2020-04-19"},{"blocks":45220,"transactions":5699819,"date_range":"2020-04-26"},{"blocks":45143,"transactions":5859803,"date_range":"2020-05-03"},{"blocks":45265,"transactions":5931479,"date_range":"2020-05-10"},{"blocks":45068,"transactions":6017679,"date_range":"2020-05-17"},{"blocks":44979,"transactions":6039226,"date_range":"2020-05-24"},{"blocks":45047,"transactions":6277386,"date_range":"2020-05-31"},{"blocks":45072,"transactions":6531524,"date_range":"2020-06-07"},{"blocks":45241,"transactions":6262104,"date_range":"2020-06-14"},{"blocks":45234,"transactions":6485205,"date_range":"2020-06-21"},{"blocks":45165,"transactions":7356503,"date_range":"2020-06-28"},{"blocks":45119,"transactions":7099524,"date_range":"2020-07-05"},{"blocks":45315,"transactions":7262767,"date_range":"2020-07-12"},{"blocks":45209,"transactions":7662533,"date_range":"2020-07-19"},{"blocks":45143,"transactions":8008659,"date_range":"2020-07-26"},{"blocks":45300,"transactions":8328429,"date_range":"2020-08-02"},{"blocks":45323,"transactions":8400837,"date_range":"2020-08-09"},{"blocks":45420,"transactions":8444325,"date_range":"2020-08-16"},{"blocks":45523,"transactions":8292872,"date_range":"2020-08-23"},{"blocks":45579,"transactions":8008494,"date_range":"2020-08-30"},{"blocks":45837,"transactions":8021185,"date_range":"2020-09-06"},{"blocks":45610,"transactions":7402791,"date_range":"2020-09-13"},{"blocks":45607,"transactions":8040672,"date_range":"2020-09-20"},{"blocks":45292,"transactions":7372624,"date_range":"2020-09-27"},{"blocks":44729,"transactions":7210320,"date_range":"2020-10-04"},{"blocks":45012,"transactions":7256645,"date_range":"2020-10-11"},{"blocks":45607,"transactions":7771679,"date_range":"2020-10-18"},{"blocks":45685,"transactions":7693204,"date_range":"2020-10-25"},{"blocks":45616,"transactions":7663415,"date_range":"2020-11-01"},{"blocks":45610,"transactions":7862142,"date_range":"2020-11-08"},{"blocks":45621,"transactions":7761853,"date_range":"2020-11-15"},{"blocks":45593,"transactions":8005130,"date_range":"2020-11-22"},{"blocks":45548,"transactions":7922112,"date_range":"2020-11-29"},{"blocks":45591,"transactions":7766417,"date_range":"2020-12-06"},{"blocks":45441,"transactions":7852495,"date_range":"2020-12-13"},{"blocks":45635,"transactions":8492053,"date_range":"2020-12-20"},{"blocks":45599,"transactions":8148452,"date_range":"2020-12-27"},{"blocks":45675,"transactions":8396985,"date_range":"2021-01-03"},{"blocks":45593,"transactions":8843927,"date_range":"2021-01-10"},{"blocks":45633,"transactions":8310551,"date_range":"2021-01-17"},{"blocks":45588,"transactions":8303513,"date_range":"2021-01-24"},{"blocks":45484,"transactions":8490800,"date_range":"2021-01-31"},{"blocks":45503,"transactions":9003481,"date_range":"2021-02-07"},{"blocks":45504,"transactions":8943490,"date_range":"2021-02-14"},{"blocks":45534,"transactions":8879987,"date_range":"2021-02-21"},{"blocks":45480,"transactions":8751558,"date_range":"2021-02-28"},{"blocks":45514,"transactions":8445321,"date_range":"2021-03-07"},{"blocks":45384,"transactions":8929517,"date_range":"2021-03-14"},{"blocks":45396,"transactions":8962042,"date_range":"2021-03-21"},{"blocks":45510,"transactions":8974068,"date_range":"2021-03-28"},{"blocks":45539,"transactions":9143310,"date_range":"2021-04-04"},{"blocks":45570,"transactions":9102634,"date_range":"2021-04-11"},{"blocks":45340,"transactions":9558874,"date_range":"2021-04-18"},{"blocks":45375,"transactions":10490576,"date_range":"2021-04-25"},{"blocks":45264,"transactions":10231336,"date_range":"2021-05-02"},{"blocks":45406,"transactions":11031369,"date_range":"2021-05-09"},{"blocks":45350,"transactions":11074661,"date_range":"2021-05-16"},{"blocks":45094,"transactions":9707310,"date_range":"2021-05-23"},{"blocks":45094,"transactions":9098787,"date_range":"2021-05-30"},{"blocks":45296,"transactions":8837137,"date_range":"2021-06-06"},{"blocks":45166,"transactions":8269242,"date_range":"2021-06-13"},{"blocks":45107,"transactions":8110381,"date_range":"2021-06-20"},{"blocks":44817,"transactions":8398691,"date_range":"2021-06-27"},{"blocks":44989,"transactions":8501804,"date_range":"2021-07-04"},{"blocks":44960,"transactions":8521644,"date_range":"2021-07-11"},{"blocks":44568,"transactions":8390464,"date_range":"2021-07-18"},{"blocks":44814,"transactions":8343737,"date_range":"2021-07-25"},{"blocks":44141,"transactions":8783431,"date_range":"2021-08-01"},{"blocks":44909,"transactions":8467369,"date_range":"2021-08-08"},{"blocks":45317,"transactions":8342862,"date_range":"2021-08-15"},{"blocks":45391,"transactions":8593833,"date_range":"2021-08-22"},{"blocks":45241,"transactions":8250461,"date_range":"2021-08-29"},{"blocks":45335,"transactions":8415998,"date_range":"2021-09-05"},{"blocks":45230,"transactions":8618335,"date_range":"2021-09-12"},{"blocks":45245,"transactions":8389679,"date_range":"2021-09-19"},{"blocks":45206,"transactions":8097237,"date_range":"2021-09-26"},{"blocks":44798,"transactions":7949437,"date_range":"2021-10-03"},{"blocks":44669,"transactions":8656106,"date_range":"2021-10-10"},{"blocks":44534,"transactions":8432211,"date_range":"2021-10-17"},{"blocks":44715,"transactions":8730861,"date_range":"2021-10-24"},{"blocks":44615,"transactions":9664885,"date_range":"2021-10-31"},{"blocks":44635,"transactions":9379376,"date_range":"2021-11-07"},{"blocks":44565,"transactions":9322891,"date_range":"2021-11-14"},{"blocks":44149,"transactions":8914113,"date_range":"2021-11-21"},{"blocks":44173,"transactions":8777032,"date_range":"2021-11-28"}]